doctor_id,hospital_id,name,gender,age,specialty,sub_specialty,primary_qualification,additional_qualification,years_experience,seniority_level,board_certified,on_call,shift_type,prefers_trauma_cases,telemedicine_enabled,languages_spoken,max_concurrent_cases,avg_consultation_time_min,avg_response_time_to_call_min,last_appraisal_score,doctor_quality_score,burnout_risk_score,contact_channel
DOC_0001,HOSP_001,Nikita Ghosh,F,53,TRAUMA,POLYTRAUMA,MBBS,Fellowship in Neuro Critical Care,16,SENIOR_CONSULTANT,True,False,ROTATING,False,True,"['Bengali', 'English', 'Hindi', 'Marathi', 'Urdu']",1,21,5.79,4.32,0.89,0.26,app://doctor/DOC_0001
DOC_0002,HOSP_001,Juhi Iyer,M,54,NEURO,STROKE_SPECIALIST,"MBBS, DNB",Fellowship in Trauma Care,10,CONSULTANT,False,False,NIGHT,False,True,"['Bengali', 'English', 'Hindi', 'Marathi', 'Tamil']",4,24,4.92,4.46,0.6,0.43,app://doctor/DOC_0002
DOC_0003,HOSP_001,Sara Roy,M,45,NEURO,STROKE_SPECIALIST,"MBBS, DNB",Fellowship in Neuro Critical Care,25,SENIOR_CONSULTANT,True,False,ROTATING,False,True,"['Bengali', 'English', 'Hindi', 'Marathi']",2,25,2.91,4.6,0.95,0.35,app://doctor/DOC_0003
DOC_0004,HOSP_001,Rohan Banerjee,F,63,EMERGENCY_MEDICINE,RESUSCITATION_EXPERT,MBBS,FNB Critical Care,32,SENIOR_CONSULTANT,True,False,NIGHT,False,True,"['Bengali', 'English', 'Hindi', 'Odia', 'Tamil']",1,12,3.65,3.81,0.91,0.22,app://doctor/DOC_0004
DOC_0005,HOSP_001,Nikita Iyer,F,63,PULMONOLOGY,SLEEP_MEDICINE,"MBBS, DNB",Fellowship in Pediatric ICU,23,SENIOR_CONSULTANT,False,False,NIGHT,False,True,"['Bengali', 'English', 'Hindi', 'Marathi']",2,13,7.49,3.63,0.71,0.48,app://doctor/DOC_0005
DOC_0006,HOSP_001,Kabir Nair,M,58,NEPHROLOGY,TRANSPLANT_NEPRHOLOGY,MBBS,FNB Critical Care,24,SENIOR_CONSULTANT,True,True,DAY,False,True,"['Bengali', 'English', 'Hindi']",2,18,1.41,3.11,0.88,0.25,app://doctor/DOC_0006
DOC_0007,HOSP_001,Ananya Ghosh,F,34,EMERGENCY_MEDICINE,TOXICOLOGY,"MBBS, DNB",Fellowship in Interventional Cardiology,12,CONSULTANT,True,True,NIGHT,True,True,"['Bengali', 'English', 'Hindi']",1,22,5.43,4.15,0.78,0.44,app://doctor/DOC_0007
DOC_0008,HOSP_001,Ananya Singh,OTHER,47,EMERGENCY_MEDICINE,RESUSCITATION_EXPERT,MBBS,Fellowship in Neuro Critical Care,15,SENIOR_CONSULTANT,False,True,ROTATING,True,True,"['Bengali', 'English', 'Hindi', 'Tamil']",3,28,6.59,4.22,0.74,0.67,app://doctor/DOC_0008
DOC_0009,HOSP_001,Riya Ghosh,M,44,TRAUMA,POLYTRAUMA,"MBBS, MD",FNB Critical Care,5,JUNIOR_RESIDENT,True,True,ROTATING,True,True,"['Bengali', 'English', 'Hindi', 'Tamil']",3,11,3.08,4.41,0.54,0.72,app://doctor/DOC_0009
DOC_0010,HOSP_001,Siddharth Mukherjee,OTHER,42,NEPHROLOGY,DIALYSIS_SPECIALIST,"MBBS, DNB",,10,CONSULTANT,True,False,DAY,False,True,"['Bengali', 'English', 'Hindi']",1,15,8.13,4.19,0.68,0.53,app://doctor/DOC_0010
DOC_0011,HOSP_001,Priya Patel,M,57,TRAUMA,ORTHO_TRAUMA,"MBBS, DNB",Fellowship in Trauma Care,32,SENIOR_CONSULTANT,False,False,ROTATING,True,False,"['Bengali', 'English', 'Hindi']",4,20,6.43,3.05,0.68,0.49,app://doctor/DOC_0011
DOC_0012,HOSP_001,Nikita Chatterjee,M,45,PULMONOLOGY,CRITICAL_CARE,"MBBS, MD",Fellowship in Interventional Cardiology,29,SENIOR_CONSULTANT,True,False,ROTATING,False,True,"['Bengali', 'English', 'Hindi', 'Marathi', 'Tamil']",4,12,5.23,3.82,0.87,0.47,app://doctor/DOC_0012
DOC_0013,HOSP_001,Ishaan Roy,M,49,NEURO,SPINE_SURGERY,"MBBS, DNB",Fellowship in Trauma Care,3,JUNIOR_RESIDENT,False,False,NIGHT,False,True,"['Bengali', 'English', 'Hindi', 'Marathi']",3,13,9.73,3.81,0.31,0.61,app://doctor/DOC_0013
DOC_0014,HOSP_001,Aarav Ghosh,OTHER,57,NEURO,STROKE_SPECIALIST,"MBBS, MD",Fellowship in Neuro Critical Care,32,SENIOR_CONSULTANT,False,True,ROTATING,False,True,"['Bengali', 'English', 'Hindi']",3,27,2.18,3.58,0.75,0.73,app://doctor/DOC_0014
DOC_0015,HOSP_001,Rohit Mukherjee,M,43,TRAUMA,POLYTRAUMA,"MBBS, MS",Fellowship in Neuro Critical Care,27,SENIOR_CONSULTANT,True,True,ROTATING,True,True,"['Bengali', 'English', 'Hindi', 'Urdu']",2,25,9.39,3.58,0.85,0.53,app://doctor/DOC_0015
DOC_0016,HOSP_001,Mira Roy,F,58,GENERAL_SURGERY,ONCO_SURGERY,"MBBS, MD",Fellowship in Interventional Cardiology,33,SENIOR_CONSULTANT,True,True,ROTATING,False,True,"['Bengali', 'English', 'Hindi', 'Tamil']",3,26,3.4,3.01,0.87,0.63,app://doctor/DOC_0016
DOC_0017,HOSP_001,Nikita Chatterjee,OTHER,59,GENERAL_SURGERY,ONCO_SURGERY,"MBBS, DNB",Fellowship in Trauma Care,35,SENIOR_CONSULTANT,False,True,ROTATING,False,True,"['Bengali', 'English', 'Hindi', 'Odia']",2,28,4.45,4.71,0.81,0.42,app://doctor/DOC_0017
DOC_0018,HOSP_001,Rahul Banerjee,F,52,NEURO,SPINE_SURGERY,"MBBS, MD",Fellowship in Interventional Cardiology,33,SENIOR_CONSULTANT,True,True,DAY,False,True,"['Bengali', 'English', 'Hindi', 'Urdu']",4,10,7.5,3.82,0.87,0.5,app://doctor/DOC_0018
DOC_0019,HOSP_001,Ananya Mukherjee,F,44,NEPHROLOGY,TRANSPLANT_NEPRHOLOGY,MBBS,Fellowship in Trauma Care,25,SENIOR_CONSULTANT,True,False,ROTATING,False,False,"['Bengali', 'English', 'Hindi', 'Marathi', 'Tamil']",1,29,1.62,4.26,0.94,0.59,app://doctor/DOC_0019
DOC_0020,HOSP_001,Sara Banerjee,M,55,EMERGENCY_MEDICINE,RESUSCITATION_EXPERT,"MBBS, DNB",FNB Critical Care,2,JUNIOR_RESIDENT,True,False,NIGHT,True,True,"['Bengali', 'English', 'Hindi', 'Marathi']",3,23,2.31,4.06,0.53,0.57,app://doctor/DOC_0020
DOC_0021,HOSP_001,Kabir Singh,M,33,PULMONOLOGY,SLEEP_MEDICINE,"MBBS, MD",Fellowship in Interventional Cardiology,15,SENIOR_CONSULTANT,False,False,DAY,False,False,"['Bengali', 'English', 'Hindi', 'Tamil']",3,10,9.09,3.93,0.72,0.4,app://doctor/DOC_0021
DOC_0022,HOSP_001,Aditya Singh,M,56,NEPHROLOGY,TRANSPLANT_NEPRHOLOGY,"MBBS, DNB",Fellowship in Pediatric ICU,20,SENIOR_CONSULTANT,True,True,NIGHT,False,True,"['Bengali', 'English', 'Hindi', 'Urdu']",2,22,6.15,4.15,0.88,0.53,app://doctor/DOC_0022
DOC_0023,HOSP_001,Priya Sharma,OTHER,53,NEPHROLOGY,DIALYSIS_SPECIALIST,MBBS,Fellowship in Neuro Critical Care,19,SENIOR_CONSULTANT,True,False,NIGHT,False,False,"['Bengali', 'English', 'Hindi', 'Odia']",2,29,3.26,4.51,0.95,0.42,app://doctor/DOC_0023
DOC_0024,HOSP_001,Ananya Ghosh,M,30,NEPHROLOGY,TRANSPLANT_NEPRHOLOGY,MBBS,Fellowship in Neuro Critical Care,9,CONSULTANT,True,True,ROTATING,False,True,"['Bengali', 'English', 'Hindi', 'Tamil']",2,16,2.19,4.08,0.73,0.67,app://doctor/DOC_0024
DOC_0025,HOSP_001,Simran Reddy,F,38,NEPHROLOGY,TRANSPLANT_NEPRHOLOGY,"MBBS, MS",Fellowship in Pediatric ICU,30,SENIOR_CONSULTANT,True,True,DAY,False,True,"['Bengali', 'English', 'Hindi']",4,27,4.29,4.58,0.95,0.22,app://doctor/DOC_0025
DOC_0026,HOSP_001,Aditya Mukherjee,F,51,TRAUMA,HEAD_INJURY_FOCUS,"MBBS, MS",Fellowship in Neuro Critical Care,24,SENIOR_CONSULTANT,True,True,ROTATING,False,True,"['Bengali', 'English', 'Hindi', 'Urdu']",3,29,2.99,3.13,0.88,0.67,app://doctor/DOC_0026
DOC_0027,HOSP_001,Priya Ghosh,F,35,GENERAL_SURGERY,LAPAROSCOPIC_SURGERY,MBBS,Fellowship in Trauma Care,7,CONSULTANT,True,True,DAY,False,False,"['Bengali', 'English', 'Hindi']",4,24,4.34,4.9,0.77,0.55,app://doctor/DOC_0027
DOC_0028,HOSP_001,Aditya Mehta,OTHER,37,NEURO,SPINE_SURGERY,MBBS,Fellowship in Interventional Cardiology,18,SENIOR_CONSULTANT,True,False,NIGHT,False,False,"['Bengali', 'English', 'Hindi', 'Odia']",4,24,9.55,4.71,0.91,0.27,app://doctor/DOC_0028
DOC_0029,HOSP_002,Sneha Reddy,OTHER,50,EMERGENCY_MEDICINE,TOXICOLOGY,"MBBS, MS",FNB Critical Care,6,CONSULTANT,True,True,NIGHT,False,False,"['Bengali', 'English', 'Hindi', 'Tamil', 'Urdu']",3,17,9.9,4.57,0.71,0.37,app://doctor/DOC_0029
DOC_0030,HOSP_002,Aditya Nair,OTHER,41,NEURO,EPILEPTOLOGIST,"MBBS, MD",Fellowship in Neuro Critical Care,10,CONSULTANT,True,True,NIGHT,False,False,"['Bengali', 'English', 'Hindi', 'Odia']",1,10,2.19,3.72,0.71,0.5,app://doctor/DOC_0030
DOC_0031,HOSP_002,Nikita Iyer,M,39,PEDIATRIC,NEONATOLOGY,"MBBS, MD",Fellowship in Pediatric ICU,8,CONSULTANT,True,True,ROTATING,False,True,"['Bengali', 'English', 'Hindi', 'Marathi']",1,24,5.53,4.89,0.72,0.3,app://doctor/DOC_0031
DOC_0032,HOSP_002,Simran Das,F,29,EMERGENCY_MEDICINE,TOXICOLOGY,"MBBS, DNB",Fellowship in Interventional Cardiology,32,SENIOR_CONSULTANT,False,False,DAY,True,True,"['Bengali', 'English', 'Hindi', 'Odia']",1,14,3.48,4.27,0.79,0.38,app://doctor/DOC_0032
DOC_0033,HOSP_002,Rahul Mehta,OTHER,61,PEDIATRIC,PEDIATRIC_ICU,"MBBS, DNB",,14,SENIOR_CONSULTANT,False,False,DAY,False,True,"['Bengali', 'English', 'Hindi']",4,20,8.45,3.8,0.72,0.58,app://doctor/DOC_0033
DOC_0034,HOSP_002,Rahul Mehta,F,44,PEDIATRIC,NEONATOLOGY,"MBBS, DNB",,6,CONSULTANT,False,True,DAY,False,True,"['Bengali', 'English', 'Hindi', 'Marathi', 'Urdu']",1,28,9.61,4.12,0.53,0.51,app://doctor/DOC_0034
DOC_0035,HOSP_002,Mira Iyer,OTHER,55,EMERGENCY_MEDICINE,TOXICOLOGY,"MBBS, MS",Fellowship in Trauma Care,33,SENIOR_CONSULTANT,True,True,ROTATING,True,False,"['Bengali', 'English', 'Hindi', 'Odia']",1,21,8.61,3.74,0.87,0.54,app://doctor/DOC_0035
DOC_0036,HOSP_002,Nikita Nair,F,63,EMERGENCY_MEDICINE,TOXICOLOGY,MBBS,FNB Critical Care,20,SENIOR_CONSULTANT,True,True,ROTATING,True,True,"['Bengali', 'English', 'Hindi']",2,28,6.92,3.14,0.84,0.54,app://doctor/DOC_0036
DOC_0037,HOSP_002,Aarav Mukherjee,OTHER,61,NEURO,EPILEPTOLOGIST,"MBBS, DNB",Fellowship in Interventional Cardiology,24,SENIOR_CONSULTANT,True,True,DAY,False,False,"['Bengali', 'English', 'Hindi', 'Urdu']",1,14,2.42,4.24,0.94,0.39,app://doctor/DOC_0037
DOC_0038,HOSP_002,Arjun Patel,OTHER,55,PULMONOLOGY,INTERVENTIONAL_PULMONOLOGY,"MBBS, DNB",Fellowship in Interventional Cardiology,33,SENIOR_CONSULTANT,True,True,DAY,False,True,"['Bengali', 'English', 'Hindi', 'Urdu']",3,28,5.38,4.33,0.9,0.25,app://doctor/DOC_0038
DOC_0039,HOSP_002,Kunal Chatterjee,M,28,NEURO,EPILEPTOLOGIST,"MBBS, MD",FNB Critical Care,21,SENIOR_CONSULTANT,True,True,NIGHT,False,True,"['Bengali', 'English', 'Hindi', 'Tamil']",2,14,4.42,4.41,0.95,0.32,app://doctor/DOC_0039
DOC_0040,HOSP_002,Sneha Mukherjee,F,30,PULMONOLOGY,CRITICAL_CARE,"MBBS, DNB",,28,SENIOR_CONSULTANT,False,True,ROTATING,False,False,"['Bengali', 'English', 'Hindi', 'Odia', 'Tamil']",1,22,1.19,3.65,0.76,0.59,app://doctor/DOC_0040
DOC_0041,HOSP_002,Rohan Patel,OTHER,51,EMERGENCY_MEDICINE,TOXICOLOGY,MBBS,FNB Critical Care,26,SENIOR_CONSULTANT,True,True,ROTATING,True,True,"['Bengali', 'English', 'Hindi', 'Marathi', 'Urdu']",3,15,1.69,4.27,0.94,0.53,app://doctor/DOC_0041
DOC_0042,HOSP_002,Riya Bhattacharya,F,50,NEURO,STROKE_SPECIALIST,MBBS,FNB Critical Care,12,CONSULTANT,True,True,DAY,False,False,"['Bengali', 'English', 'Hindi']",2,30,5.45,4.51,0.8,0.46,app://doctor/DOC_0042
DOC_0043,HOSP_002,Siddharth Ghosh,OTHER,48,PEDIATRIC,NEONATOLOGY,"MBBS, DNB",,20,SENIOR_CONSULTANT,True,True,NIGHT,False,False,"['Bengali', 'English', 'Hindi']",3,26,1.67,3.92,0.92,0.24,app://doctor/DOC_0043
DOC_0044,HOSP_002,Sneha Roy,F,32,EMERGENCY_MEDICINE,TOXICOLOGY,"MBBS, DNB",Fellowship in Neuro Critical Care,3,JUNIOR_RESIDENT,False,False,ROTATING,False,False,"['Bengali', 'English', 'Hindi']",3,29,5.28,3.3,0.29,0.54,app://doctor/DOC_0044
DOC_0045,HOSP_002,Ishaan Sen,F,33,NEURO,STROKE_SPECIALIST,"MBBS, MD",Fellowship in Pediatric ICU,34,SENIOR_CONSULTANT,True,True,NIGHT,False,True,"['Bengali', 'English', 'Hindi', 'Marathi']",4,23,7.97,4.36,0.9,0.25,app://doctor/DOC_0045
DOC_0046,HOSP_002,Juhi Ghosh,F,32,PEDIATRIC,NEONATOLOGY,"MBBS, DNB",Fellowship in Trauma Care,10,CONSULTANT,True,True,ROTATING,False,True,"['Bengali', 'English', 'Hindi', 'Odia', 'Tamil']",3,30,7.29,3.78,0.67,0.64,app://doctor/DOC_0046
DOC_0047,HOSP_002,Diya Das,OTHER,52,PEDIATRIC,NEONATOLOGY,MBBS,Fellowship in Pediatric ICU,33,SENIOR_CONSULTANT,True,False,NIGHT,False,True,"['Bengali', 'English', 'Hindi', 'Marathi']",2,16,4.08,4.53,0.96,0.19,app://doctor/DOC_0047
DOC_0048,HOSP_002,Ananya Singh,M,46,EMERGENCY_MEDICINE,RESUSCITATION_EXPERT,"MBBS, MS",Fellowship in Neuro Critical Care,25,SENIOR_CONSULTANT,True,True,ROTATING,True,True,"['Bengali', 'English', 'Hindi', 'Marathi', 'Odia']",4,11,4.7,4.35,0.95,0.41,app://doctor/DOC_0048
DOC_0049,HOSP_002,Siddharth Chatterjee,F,56,NEURO,SPINE_SURGERY,"MBBS, MD",Fellowship in Trauma Care,24,SENIOR_CONSULTANT,False,True,DAY,False,True,"['Bengali', 'English', 'Hindi', 'Tamil']",4,15,8.35,4.6,0.76,0.33,app://doctor/DOC_0049
DOC_0050,HOSP_002,Arjun Sharma,OTHER,58,PEDIATRIC,GENERAL_PEDIATRICS,MBBS,Fellowship in Pediatric ICU,19,SENIOR_CONSULTANT,True,False,DAY,False,True,"['Bengali', 'English', 'Hindi', 'Tamil']",2,23,1.83,4.82,0.97,0.44,app://doctor/DOC_0050
DOC_0051,HOSP_002,Sneha Bhattacharya,M,54,EMERGENCY_MEDICINE,TOXICOLOGY,"MBBS, MS",FNB Critical Care,24,SENIOR_CONSULTANT,True,True,DAY,True,True,"['Bengali', 'English', 'Hindi']",3,14,2.24,3.57,0.91,0.56,app://doctor/DOC_0051
DOC_0052,HOSP_002,Ananya Sen,OTHER,58,PULMONOLOGY,INTERVENTIONAL_PULMONOLOGY,MBBS,,14,SENIOR_CONSULTANT,True,True,NIGHT,False,False,"['Bengali', 'English', 'Hindi', 'Tamil', 'Urdu']",3,17,3.71,3.1,0.88,0.4,app://doctor/DOC_0052
DOC_0053,HOSP_002,Rohan Patel,M,35,PULMONOLOGY,INTERVENTIONAL_PULMONOLOGY,MBBS,Fellowship in Pediatric ICU,16,SENIOR_CONSULTANT,True,False,ROTATING,False,True,"['Bengali', 'English', 'Hindi', 'Urdu']",3,17,6.14,3.37,0.85,0.61,app://doctor/DOC_0053
DOC_0054,HOSP_002,Simran Iyer,M,61,EMERGENCY_MEDICINE,TOXICOLOGY,"MBBS, DNB",,24,SENIOR_CONSULTANT,True,False,NIGHT,False,True,"['Bengali', 'English', 'Hindi', 'Urdu']",3,17,7.6,4.26,0.89,0.54,app://doctor/DOC_0054
DOC_0055,HOSP_002,Rahul Singh,M,50,PEDIATRIC,GENERAL_PEDIATRICS,"MBBS, MD",Fellowship in Pediatric ICU,31,SENIOR_CONSULTANT,True,True,ROTATING,False,True,"['Bengali', 'English', 'Hindi']",4,11,3.64,3.09,0.88,0.42,app://doctor/DOC_0055
DOC_0056,HOSP_002,Vivaan Iyer,F,60,PULMONOLOGY,INTERVENTIONAL_PULMONOLOGY,"MBBS, DNB",Fellowship in Trauma Care,13,SENIOR_CONSULTANT,True,True,ROTATING,False,True,"['Bengali', 'English', 'Hindi']",3,18,2.12,3.74,0.92,0.68,app://doctor/DOC_0056
DOC_0057,HOSP_002,Siddharth Bhattacharya,F,49,NEURO,EPILEPTOLOGIST,"MBBS, DNB",Fellowship in Trauma Care,6,CONSULTANT,False,False,NIGHT,False,True,"['Bengali', 'English', 'Hindi', 'Odia']",3,20,1.92,3.66,0.56,0.45,app://doctor/DOC_0057
DOC_0058,HOSP_003,Siddharth Chatterjee,OTHER,55,ORTHO,SPORTS_INJURY,"MBBS, DNB",Fellowship in Trauma Care,23,SENIOR_CONSULTANT,False,True,DAY,False,True,"['Bengali', 'English', 'Hindi', 'Tamil', 'Urdu']",4,21,5.62,4.5,0.74,0.34,app://doctor/DOC_0058
DOC_0059,HOSP_003,Aarav Singh,OTHER,56,GENERAL_SURGERY,LAPAROSCOPIC_SURGERY,MBBS,FNB Critical Care,24,SENIOR_CONSULTANT,False,False,NIGHT,False,False,"['Bengali', 'English', 'Hindi']",2,24,9.54,3.74,0.7,0.5,app://doctor/DOC_0059
DOC_0060,HOSP_003,Nikita Singh,OTHER,51,PULMONOLOGY,SLEEP_MEDICINE,"MBBS, MS",FNB Critical Care,12,CONSULTANT,False,True,DAY,False,False,"['Bengali', 'English', 'Hindi', 'Urdu']",3,18,7.34,3.43,0.59,0.57,app://doctor/DOC_0060
DOC_0061,HOSP_003,Rohit Nair,M,36,GENERAL_SURGERY,ONCO_SURGERY,"MBBS, MD",Fellowship in Pediatric ICU,21,SENIOR_CONSULTANT,True,True,DAY,False,False,"['Bengali', 'English', 'Hindi']",3,19,8.66,4.42,0.89,0.6,app://doctor/DOC_0061
DOC_0062,HOSP_003,Juhi Singh,F,60,ORTHO,SPINE_SURGEON,"MBBS, MD",FNB Critical Care,2,JUNIOR_RESIDENT,True,True,NIGHT,False,False,"['Bengali', 'English', 'Hindi', 'Marathi', 'Odia']",2,29,8.96,3.13,0.42,0.43,app://doctor/DOC_0062
DOC_0063,HOSP_003,Rohit Reddy,F,54,GENERAL_SURGERY,LAPAROSCOPIC_SURGERY,"MBBS, MS",Fellowship in Pediatric ICU,30,SENIOR_CONSULTANT,True,True,NIGHT,False,True,"['Bengali', 'English', 'Hindi', 'Odia', 'Urdu']",4,26,9.2,3.11,0.82,0.3,app://doctor/DOC_0063
DOC_0064,HOSP_003,Ananya Das,M,38,PEDIATRIC,GENERAL_PEDIATRICS,"MBBS, MD",Fellowship in Trauma Care,6,CONSULTANT,True,False,NIGHT,False,True,"['Bengali', 'English', 'Hindi', 'Marathi', 'Urdu']",3,29,5.8,4.01,0.67,0.37,app://doctor/DOC_0064
DOC_0065,HOSP_003,Nikita Singh,M,49,GENERAL_SURGERY,LAPAROSCOPIC_SURGERY,MBBS,,17,SENIOR_CONSULTANT,True,False,ROTATING,False,False,"['Bengali', 'English', 'Hindi', 'Urdu']",4,30,5.91,4.28,0.88,0.46,app://doctor/DOC_0065
DOC_0066,HOSP_003,Sara Sen,OTHER,53,PEDIATRIC,PEDIATRIC_ICU,MBBS,Fellowship in Pediatric ICU,29,SENIOR_CONSULTANT,False,True,DAY,False,True,"['Bengali', 'English', 'Hindi', 'Odia']",3,29,2.29,4.72,0.8,0.39,app://doctor/DOC_0066
DOC_0067,HOSP_003,Sneha Mehta,M,51,GENERAL_SURGERY,ONCO_SURGERY,"MBBS, MD",Fellowship in Interventional Cardiology,29,SENIOR_CONSULTANT,True,True,NIGHT,False,True,"['Bengali', 'English', 'Hindi']",1,19,9.51,4.73,0.9,0.3,app://doctor/DOC_0067
DOC_0068,HOSP_003,Kabir Roy,F,64,PEDIATRIC,NEONATOLOGY,"MBBS, MD",Fellowship in Interventional Cardiology,32,SENIOR_CONSULTANT,True,False,NIGHT,False,True,"['Bengali', 'English', 'Hindi']",1,22,5.55,4.93,0.91,0.21,app://doctor/DOC_0068
DOC_0069,HOSP_003,Sneha Sharma,M,46,PULMONOLOGY,INTERVENTIONAL_PULMONOLOGY,"MBBS, DNB",Fellowship in Trauma Care,7,CONSULTANT,False,False,DAY,False,True,"['Bengali', 'English', 'Hindi', 'Marathi']",4,21,1.41,3.1,0.52,0.57,app://doctor/DOC_0069
DOC_0070,HOSP_003,Sneha Reddy,F,32,PULMONOLOGY,INTERVENTIONAL_PULMONOLOGY,"MBBS, DNB",Fellowship in Neuro Critical Care,8,CONSULTANT,True,True,ROTATING,False,True,"['Bengali', 'English', 'Hindi', 'Marathi']",3,27,9.45,4.51,0.69,0.47,app://doctor/DOC_0070
DOC_0071,HOSP_003,Simran Mehta,OTHER,30,GENERAL_SURGERY,LAPAROSCOPIC_SURGERY,"MBBS, MD",Fellowship in Pediatric ICU,34,SENIOR_CONSULTANT,False,True,NIGHT,False,True,"['Bengali', 'English', 'Hindi', 'Odia', 'Tamil']",3,15,4.54,4.23,0.78,0.6,app://doctor/DOC_0071
DOC_0072,HOSP_003,Nikita Iyer,OTHER,60,PULMONOLOGY,INTERVENTIONAL_PULMONOLOGY,"MBBS, MS",Fellowship in Interventional Cardiology,22,SENIOR_CONSULTANT,True,True,NIGHT,False,True,"['Bengali', 'English', 'Hindi', 'Marathi', 'Tamil']",1,29,5.27,4.93,0.91,0.44,app://doctor/DOC_0072
DOC_0073,HOSP_003,Nikita Chatterjee,M,31,PULMONOLOGY,CRITICAL_CARE,"MBBS, DNB",FNB Critical Care,3,JUNIOR_RESIDENT,True,False,DAY,False,True,"['Bengali', 'English', 'Hindi']",4,20,4.77,3.83,0.51,0.43,app://doctor/DOC_0073
DOC_0074,HOSP_003,Simran Sen,OTHER,58,GENERAL_SURGERY,LAPAROSCOPIC_SURGERY,"MBBS, MD",Fellowship in Neuro Critical Care,31,SENIOR_CONSULTANT,False,True,ROTATING,False,True,"['Bengali', 'English', 'Hindi']",4,27,4.08,3.71,0.75,0.68,app://doctor/DOC_0074
DOC_0075,HOSP_003,Juhi Sen,OTHER,44,PULMONOLOGY,CRITICAL_CARE,"MBBS, MD",Fellowship in Trauma Care,15,SENIOR_CONSULTANT,True,False,NIGHT,False,True,"['Bengali', 'English', 'Hindi', 'Marathi', 'Odia']",4,20,5.32,4.12,0.87,0.61,app://doctor/DOC_0075
DOC_0076,HOSP_003,Arjun Das,M,64,PULMONOLOGY,SLEEP_MEDICINE,"MBBS, MS",FNB Critical Care,19,SENIOR_CONSULTANT,True,True,DAY,False,True,"['Bengali', 'English', 'Hindi', 'Marathi']",4,16,2.82,4.08,0.92,0.6,app://doctor/DOC_0076
DOC_0077,HOSP_003,Arjun Singh,M,65,ORTHO,SPINE_SURGEON,MBBS,Fellowship in Pediatric ICU,15,SENIOR_CONSULTANT,True,False,DAY,False,True,"['Bengali', 'English', 'Hindi', 'Marathi']",4,13,7.13,3.27,0.83,0.64,app://doctor/DOC_0077
DOC_0078,HOSP_003,Kabir Mehta,OTHER,58,PULMONOLOGY,INTERVENTIONAL_PULMONOLOGY,"MBBS, MD",Fellowship in Trauma Care,4,JUNIOR_RESIDENT,True,True,NIGHT,False,False,"['Bengali', 'English', 'Hindi', 'Marathi', 'Odia']",1,15,4.76,4.68,0.55,0.61,app://doctor/DOC_0078
DOC_0079,HOSP_003,Vivaan Roy,F,59,ORTHO,SPORTS_INJURY,"MBBS, MS",,7,CONSULTANT,True,True,NIGHT,False,True,"['Bengali', 'English', 'Hindi', 'Tamil']",2,26,5.21,3.39,0.64,0.25,app://doctor/DOC_0079
DOC_0080,HOSP_003,Kabir Banerjee,F,44,ORTHO,SPINE_SURGEON,"MBBS, MS",Fellowship in Trauma Care,13,SENIOR_CONSULTANT,True,False,ROTATING,False,False,"['Bengali', 'English', 'Hindi', 'Odia', 'Tamil']",3,12,4.61,3.19,0.88,0.73,app://doctor/DOC_0080
DOC_0081,HOSP_003,Rohit Iyer,M,28,PEDIATRIC,PEDIATRIC_ICU,"MBBS, MD",Fellowship in Interventional Cardiology,20,SENIOR_CONSULTANT,True,True,NIGHT,False,True,"['Bengali', 'English', 'Hindi', 'Marathi', 'Tamil']",2,11,7.01,3.93,0.86,0.21,app://doctor/DOC_0081
DOC_0082,HOSP_003,Simran Bhattacharya,OTHER,47,GENERAL_SURGERY,ONCO_SURGERY,"MBBS, MS",Fellowship in Neuro Critical Care,9,CONSULTANT,False,True,DAY,False,True,"['Bengali', 'English', 'Hindi', 'Marathi']",4,27,9.22,4.51,0.54,0.66,app://doctor/DOC_0082
DOC_0083,HOSP_003,Riya Sen,M,33,PULMONOLOGY,INTERVENTIONAL_PULMONOLOGY,"MBBS, MS",,4,JUNIOR_RESIDENT,True,False,DAY,False,False,"['Bengali', 'English', 'Hindi', 'Odia', 'Urdu']",3,26,4.98,4.36,0.54,0.62,app://doctor/DOC_0083
DOC_0084,HOSP_004,Rohit Mukherjee,OTHER,56,CARDIAC,CARDIAC_ELECTROPHYSIOLOGY,"MBBS, MD",Fellowship in Neuro Critical Care,4,JUNIOR_RESIDENT,False,True,NIGHT,False,False,"['Bengali', 'English', 'Hindi', 'Urdu']",4,18,8.35,4.49,0.36,0.62,app://doctor/DOC_0084
DOC_0085,HOSP_004,Vivaan Mehta,F,32,TRAUMA,POLYTRAUMA,MBBS,Fellowship in Interventional Cardiology,27,SENIOR_CONSULTANT,True,True,NIGHT,True,False,"['Bengali', 'English', 'Hindi', 'Odia', 'Tamil']",4,24,8.83,4.81,0.93,0.37,app://doctor/DOC_0085
DOC_0086,HOSP_004,Aditya Singh,OTHER,50,CARDIAC,INTERVENTIONAL_CARDIOLOGY,"MBBS, DNB",Fellowship in Neuro Critical Care,15,SENIOR_CONSULTANT,True,True,ROTATING,False,True,"['Bengali', 'English', 'Hindi', 'Tamil']",4,27,4.41,3.46,0.91,0.51,app://doctor/DOC_0086
DOC_0087,HOSP_004,Ananya Das,M,35,CARDIAC,HEART_FAILURE,"MBBS, DNB",Fellowship in Neuro Critical Care,14,SENIOR_CONSULTANT,True,True,DAY,False,True,"['Bengali', 'English', 'Hindi', 'Odia', 'Urdu']",1,17,7.66,3.8,0.88,0.23,app://doctor/DOC_0087
DOC_0088,HOSP_004,Riya Sen,M,36,TRAUMA,ORTHO_TRAUMA,"MBBS, MD",Fellowship in Pediatric ICU,21,SENIOR_CONSULTANT,True,False,NIGHT,True,True,"['Bengali', 'English', 'Hindi', 'Odia', 'Tamil']",3,18,1.55,4.9,0.98,0.56,app://doctor/DOC_0088
DOC_0089,HOSP_004,Kabir Ghosh,OTHER,55,TRAUMA,ORTHO_TRAUMA,MBBS,Fellowship in Trauma Care,25,SENIOR_CONSULTANT,True,False,ROTATING,False,True,"['Bengali', 'English', 'Hindi', 'Odia']",3,22,2.65,4.08,0.94,0.41,app://doctor/DOC_0089
DOC_0090,HOSP_004,Sara Das,OTHER,37,PULMONOLOGY,CRITICAL_CARE,"MBBS, DNB",Fellowship in Interventional Cardiology,9,CONSULTANT,False,False,ROTATING,False,True,"['Bengali', 'English', 'Hindi', 'Odia']",3,30,1.71,3.9,0.58,0.57,app://doctor/DOC_0090
DOC_0091,HOSP_004,Aditya Banerjee,M,31,ORTHO,JOINT_REPLACEMENT,MBBS,,14,SENIOR_CONSULTANT,False,True,ROTATING,False,True,"['Bengali', 'English', 'Hindi', 'Marathi']",1,16,9.43,4.92,0.78,0.31,app://doctor/DOC_0091
DOC_0092,HOSP_004,Rohit Bhattacharya,M,41,PULMONOLOGY,CRITICAL_CARE,"MBBS, MS",Fellowship in Trauma Care,35,SENIOR_CONSULTANT,True,True,NIGHT,False,True,"['Bengali', 'English', 'Hindi', 'Marathi']",4,24,1.89,4.96,0.99,0.39,app://doctor/DOC_0092
DOC_0093,HOSP_004,Rahul Bhattacharya,M,51,ORTHO,JOINT_REPLACEMENT,MBBS,Fellowship in Neuro Critical Care,10,CONSULTANT,True,True,ROTATING,False,True,"['Bengali', 'English', 'Hindi', 'Odia', 'Tamil']",2,16,3.97,3.76,0.73,0.61,app://doctor/DOC_0093
DOC_0094,HOSP_004,Rohit Reddy,OTHER,49,ORTHO,JOINT_REPLACEMENT,"MBBS, DNB",Fellowship in Interventional Cardiology,23,SENIOR_CONSULTANT,True,True,ROTATING,False,True,"['Bengali', 'English', 'Hindi', 'Tamil', 'Urdu']",1,26,1.3,4.69,0.97,0.59,app://doctor/DOC_0094
DOC_0095,HOSP_004,Vivaan Sen,M,54,EMERGENCY_MEDICINE,RESUSCITATION_EXPERT,MBBS,Fellowship in Pediatric ICU,14,SENIOR_CONSULTANT,False,True,DAY,True,True,"['Bengali', 'English', 'Hindi', 'Marathi', 'Tamil']",4,10,1.06,4.1,0.79,0.27,app://doctor/DOC_0095
DOC_0096,HOSP_004,Simran Banerjee,F,62,ORTHO,SPINE_SURGEON,"MBBS, DNB",FNB Critical Care,34,SENIOR_CONSULTANT,True,True,DAY,False,True,"['Bengali', 'English', 'Hindi']",3,21,3.41,3.79,0.93,0.37,app://doctor/DOC_0096
DOC_0097,HOSP_004,Kunal Patel,OTHER,43,EMERGENCY_MEDICINE,TOXICOLOGY,MBBS,Fellowship in Pediatric ICU,6,CONSULTANT,False,False,DAY,True,True,"['Bengali', 'English', 'Hindi', 'Tamil', 'Urdu']",1,15,1.74,4.69,0.62,0.47,app://doctor/DOC_0097
DOC_0098,HOSP_004,Rahul Chatterjee,M,61,CARDIAC,INTERVENTIONAL_CARDIOLOGY,"MBBS, MD",Fellowship in Pediatric ICU,18,SENIOR_CONSULTANT,True,False,NIGHT,False,True,"['Bengali', 'English', 'Hindi', 'Marathi', 'Tamil']",1,15,9.36,3.63,0.87,0.52,app://doctor/DOC_0098
DOC_0099,HOSP_004,Nikita Singh,OTHER,53,CARDIAC,CARDIAC_ELECTROPHYSIOLOGY,"MBBS, MD",Fellowship in Neuro Critical Care,25,SENIOR_CONSULTANT,True,True,ROTATING,False,True,"['Bengali', 'English', 'Hindi', 'Marathi', 'Odia']",1,26,7.71,3.69,0.87,0.28,app://doctor/DOC_0099
DOC_0100,HOSP_004,Sara Roy,M,49,TRAUMA,HEAD_INJURY_FOCUS,"MBBS, DNB",Fellowship in Trauma Care,18,SENIOR_CONSULTANT,False,True,ROTATING,True,True,"['Bengali', 'English', 'Hindi', 'Tamil']",4,15,7.12,4.32,0.75,0.41,app://doctor/DOC_0100
DOC_0101,HOSP_004,Rohan Das,M,32,CARDIAC,CARDIAC_ELECTROPHYSIOLOGY,"MBBS, MD",Fellowship in Interventional Cardiology,10,CONSULTANT,False,False,ROTATING,False,True,"['Bengali', 'English', 'Hindi', 'Urdu']",1,10,9.49,3.89,0.53,0.65,app://doctor/DOC_0101
DOC_0102,HOSP_005,Ishaan Singh,M,39,PULMONOLOGY,SLEEP_MEDICINE,"MBBS, DNB",,23,SENIOR_CONSULTANT,True,True,DAY,False,False,"['Bengali', 'English', 'Hindi', 'Marathi', 'Odia']",1,19,4.72,4.56,0.94,0.41,app://doctor/DOC_0102
DOC_0103,HOSP_005,Aditya Bhattacharya,M,64,GENERAL_SURGERY,ONCO_SURGERY,"MBBS, MD",FNB Critical Care,18,SENIOR_CONSULTANT,False,True,NIGHT,False,True,"['Bengali', 'English', 'Hindi']",2,23,3.48,3.6,0.74,0.49,app://doctor/DOC_0103
DOC_0104,HOSP_005,Sneha Das,M,59,GENERAL_SURGERY,ONCO_SURGERY,MBBS,FNB Critical Care,26,SENIOR_CONSULTANT,True,True,DAY,False,False,"['Bengali', 'English', 'Hindi', 'Marathi']",4,20,4.88,4.65,0.95,0.48,app://doctor/DOC_0104
DOC_0105,HOSP_005,Rohan Singh,F,48,GENERAL_SURGERY,ONCO_SURGERY,"MBBS, MS",FNB Critical Care,19,SENIOR_CONSULTANT,False,True,NIGHT,False,False,"['Bengali', 'English', 'Hindi']",3,22,3.52,4.57,0.79,0.41,app://doctor/DOC_0105
DOC_0106,HOSP_005,Nikita Nair,OTHER,62,GENERAL_SURGERY,LAPAROSCOPIC_SURGERY,"MBBS, DNB",Fellowship in Pediatric ICU,19,SENIOR_CONSULTANT,True,True,NIGHT,False,True,"['Bengali', 'English', 'Hindi', 'Tamil', 'Urdu']",3,17,3.27,3.31,0.88,0.41,app://doctor/DOC_0106
DOC_0107,HOSP_005,Kunal Mukherjee,F,58,PULMONOLOGY,INTERVENTIONAL_PULMONOLOGY,"MBBS, DNB",Fellowship in Neuro Critical Care,35,SENIOR_CONSULTANT,True,True,NIGHT,False,True,"['Bengali', 'English', 'Hindi']",3,15,6.82,3.09,0.82,0.65,app://doctor/DOC_0107
DOC_0108,HOSP_005,Juhi Mehta,F,55,EMERGENCY_MEDICINE,RESUSCITATION_EXPERT,MBBS,Fellowship in Trauma Care,34,SENIOR_CONSULTANT,True,True,ROTATING,True,True,"['Bengali', 'English', 'Hindi', 'Tamil']",2,21,9.98,3.97,0.86,0.36,app://doctor/DOC_0108
DOC_0109,HOSP_005,Diya Mukherjee,OTHER,37,PEDIATRIC,PEDIATRIC_ICU,"MBBS, MS",Fellowship in Interventional Cardiology,31,SENIOR_CONSULTANT,True,True,ROTATING,False,True,"['Bengali', 'English', 'Hindi']",4,24,3.87,3.6,0.89,0.66,app://doctor/DOC_0109
DOC_0110,HOSP_005,Ishaan Sharma,F,34,GENERAL_SURGERY,LAPAROSCOPIC_SURGERY,"MBBS, MD",Fellowship in Neuro Critical Care,28,SENIOR_CONSULTANT,False,True,NIGHT,False,True,"['Bengali', 'English', 'Hindi', 'Odia']",2,30,6.92,3.79,0.7,0.48,app://doctor/DOC_0110
DOC_0111,HOSP_005,Riya Patel,OTHER,55,PULMONOLOGY,CRITICAL_CARE,"MBBS, MD",FNB Critical Care,5,JUNIOR_RESIDENT,True,True,ROTATING,False,False,"['Bengali', 'English', 'Hindi']",3,20,2.77,3.23,0.47,0.73,app://doctor/DOC_0111
DOC_0112,HOSP_005,Rohit Reddy,OTHER,48,PULMONOLOGY,INTERVENTIONAL_PULMONOLOGY,"MBBS, DNB",Fellowship in Neuro Critical Care,23,SENIOR_CONSULTANT,False,True,NIGHT,False,False,"['Bengali', 'English', 'Hindi']",3,29,6.31,4.34,0.73,0.41,app://doctor/DOC_0112
DOC_0113,HOSP_005,Sara Das,M,39,PEDIATRIC,GENERAL_PEDIATRICS,"MBBS, MD",Fellowship in Neuro Critical Care,9,CONSULTANT,False,True,NIGHT,False,True,"['Bengali', 'English', 'Hindi']",4,30,5.84,4.84,0.56,0.7,app://doctor/DOC_0113
DOC_0114,HOSP_005,Kabir Reddy,M,59,PEDIATRIC,NEONATOLOGY,"MBBS, MD",Fellowship in Trauma Care,4,JUNIOR_RESIDENT,True,True,ROTATING,False,True,"['Bengali', 'English', 'Hindi', 'Odia']",2,22,9.67,4.01,0.46,0.56,app://doctor/DOC_0114
DOC_0115,HOSP_005,Rohit Mehta,OTHER,56,PULMONOLOGY,CRITICAL_CARE,MBBS,Fellowship in Neuro Critical Care,19,SENIOR_CONSULTANT,True,True,DAY,False,True,"['Bengali', 'English', 'Hindi']",3,15,8.03,4.13,0.87,0.55,app://doctor/DOC_0115
DOC_0116,HOSP_005,Rohit Reddy,OTHER,35,EMERGENCY_MEDICINE,TOXICOLOGY,"MBBS, MS",Fellowship in Neuro Critical Care,29,SENIOR_CONSULTANT,True,True,ROTATING,True,True,"['Bengali', 'English', 'Hindi', 'Odia', 'Tamil']",1,24,3.37,4.72,0.95,0.25,app://doctor/DOC_0116
DOC_0117,HOSP_005,Ishaan Sen,M,41,PEDIATRIC,GENERAL_PEDIATRICS,"MBBS, DNB",FNB Critical Care,14,SENIOR_CONSULTANT,True,False,DAY,False,True,"['Bengali', 'English', 'Hindi', 'Marathi', 'Tamil']",3,29,5.85,3.65,0.85,0.53,app://doctor/DOC_0117
DOC_0118,HOSP_005,Priya Chatterjee,F,60,EMERGENCY_MEDICINE,RESUSCITATION_EXPERT,"MBBS, DNB",,9,CONSULTANT,True,True,ROTATING,True,True,"['Bengali', 'English', 'Hindi', 'Marathi', 'Urdu']",4,25,2.28,4.26,0.73,0.63,app://doctor/DOC_0118
DOC_0119,HOSP_005,Kunal Patel,M,33,PULMONOLOGY,INTERVENTIONAL_PULMONOLOGY,"MBBS, MS",Fellowship in Pediatric ICU,32,SENIOR_CONSULTANT,True,True,NIGHT,False,False,"['Bengali', 'English', 'Hindi']",1,24,6.71,4.39,0.88,0.48,app://doctor/DOC_0119
DOC_0120,HOSP_005,Aditya Mehta,M,55,GENERAL_SURGERY,ONCO_SURGERY,"MBBS, MS",Fellowship in Trauma Care,9,CONSULTANT,False,True,NIGHT,False,True,"['Bengali', 'English', 'Hindi', 'Tamil', 'Urdu']",1,30,8.06,3.92,0.51,0.3,app://doctor/DOC_0120
DOC_0121,HOSP_005,Kabir Patel,F,28,PULMONOLOGY,CRITICAL_CARE,"MBBS, MD",Fellowship in Pediatric ICU,18,SENIOR_CONSULTANT,True,True,DAY,False,False,"['Bengali', 'English', 'Hindi', 'Marathi']",1,21,6.98,4.3,0.88,0.16,app://doctor/DOC_0121
DOC_0122,HOSP_005,Juhi Das,OTHER,42,PULMONOLOGY,INTERVENTIONAL_PULMONOLOGY,MBBS,Fellowship in Pediatric ICU,14,SENIOR_CONSULTANT,False,True,DAY,False,True,"['Bengali', 'English', 'Hindi']",2,26,7.12,3.02,0.66,0.48,app://doctor/DOC_0122
DOC_0123,HOSP_005,Ishaan Roy,F,36,PULMONOLOGY,CRITICAL_CARE,"MBBS, MD",Fellowship in Interventional Cardiology,7,CONSULTANT,True,True,ROTATING,False,True,"['Bengali', 'English', 'Hindi', 'Marathi']",2,22,7.96,4.51,0.69,0.35,app://doctor/DOC_0123
DOC_0124,HOSP_005,Ananya Mukherjee,OTHER,64,EMERGENCY_MEDICINE,RESUSCITATION_EXPERT,"MBBS, DNB",Fellowship in Trauma Care,10,CONSULTANT,False,False,DAY,False,False,"['Bengali', 'English', 'Hindi', 'Odia']",1,13,2.26,3.25,0.53,0.53,app://doctor/DOC_0124
DOC_0125,HOSP_005,Sneha Mehta,F,36,GENERAL_SURGERY,ONCO_SURGERY,MBBS,FNB Critical Care,19,SENIOR_CONSULTANT,True,False,ROTATING,False,False,"['Bengali', 'English', 'Hindi', 'Odia']",2,22,3.66,3.11,0.87,0.6,app://doctor/DOC_0125
DOC_0126,HOSP_005,Sara Patel,F,35,GENERAL_SURGERY,ONCO_SURGERY,MBBS,Fellowship in Neuro Critical Care,21,SENIOR_CONSULTANT,True,True,NIGHT,False,True,"['Bengali', 'English', 'Hindi', 'Odia', 'Tamil']",2,25,9.59,4.54,0.89,0.14,app://doctor/DOC_0126
DOC_0127,HOSP_005,Diya Sharma,F,41,EMERGENCY_MEDICINE,RESUSCITATION_EXPERT,"MBBS, DNB",Fellowship in Neuro Critical Care,33,SENIOR_CONSULTANT,False,True,ROTATING,True,False,"['Bengali', 'English', 'Hindi', 'Urdu']",2,18,1.75,3.16,0.72,0.65,app://doctor/DOC_0127
DOC_0128,HOSP_005,Ananya Reddy,F,53,EMERGENCY_MEDICINE,TOXICOLOGY,"MBBS, DNB",Fellowship in Pediatric ICU,16,SENIOR_CONSULTANT,True,True,DAY,True,True,"['Bengali', 'English', 'Hindi', 'Urdu']",3,15,2.07,4.42,0.93,0.5,app://doctor/DOC_0128
DOC_0129,HOSP_005,Kabir Patel,F,61,PEDIATRIC,NEONATOLOGY,"MBBS, MS",FNB Critical Care,8,CONSULTANT,True,False,NIGHT,False,True,"['Bengali', 'English', 'Hindi', 'Marathi']",1,18,7.41,4.15,0.67,0.23,app://doctor/DOC_0129
DOC_0130,HOSP_005,Siddharth Reddy,F,31,PULMONOLOGY,INTERVENTIONAL_PULMONOLOGY,"MBBS, MD",Fellowship in Trauma Care,7,CONSULTANT,True,True,NIGHT,False,True,"['Bengali', 'English', 'Hindi', 'Tamil', 'Urdu']",1,17,1.41,3.73,0.7,0.56,app://doctor/DOC_0130
DOC_0131,HOSP_006,Kabir Bhattacharya,M,63,TRAUMA,HEAD_INJURY_FOCUS,"MBBS, DNB",FNB Critical Care,27,SENIOR_CONSULTANT,True,True,DAY,True,True,"['Bengali', 'English', 'Hindi', 'Marathi', 'Urdu']",1,15,3.01,4.03,0.92,0.14,app://doctor/DOC_0131
DOC_0132,HOSP_006,Kunal Mukherjee,F,46,GENERAL_SURGERY,ONCO_SURGERY,MBBS,Fellowship in Neuro Critical Care,24,SENIOR_CONSULTANT,True,True,DAY,False,True,"['Bengali', 'English', 'Hindi', 'Marathi', 'Tamil']",2,24,4.31,4.94,0.96,0.51,app://doctor/DOC_0132
DOC_0133,HOSP_006,Riya Banerjee,OTHER,43,EMERGENCY_MEDICINE,RESUSCITATION_EXPERT,"MBBS, DNB",,23,SENIOR_CONSULTANT,True,True,ROTATING,True,True,"['Bengali', 'English', 'Hindi', 'Marathi', 'Tamil']",3,13,2.85,4.97,0.96,0.48,app://doctor/DOC_0133
DOC_0134,HOSP_006,Vivaan Singh,OTHER,45,EMERGENCY_MEDICINE,RESUSCITATION_EXPERT,"MBBS, MD",Fellowship in Neuro Critical Care,24,SENIOR_CONSULTANT,False,True,ROTATING,False,True,"['Bengali', 'English', 'Hindi', 'Marathi', 'Urdu']",2,30,8.38,3.15,0.67,0.53,app://doctor/DOC_0134
DOC_0135,HOSP_006,Mira Ghosh,M,43,GENERAL_SURGERY,ONCO_SURGERY,"MBBS, MS",Fellowship in Interventional Cardiology,21,SENIOR_CONSULTANT,True,False,ROTATING,False,True,"['Bengali', 'English', 'Hindi', 'Odia']",1,16,2.23,4.54,0.94,0.26,app://doctor/DOC_0135
DOC_0136,HOSP_006,Ishaan Singh,F,57,GENERAL_SURGERY,ONCO_SURGERY,MBBS,Fellowship in Neuro Critical Care,29,SENIOR_CONSULTANT,True,True,DAY,False,True,"['Bengali', 'English', 'Hindi', 'Urdu']",1,15,8.27,3.61,0.85,0.43,app://doctor/DOC_0136
DOC_0137,HOSP_006,Rohan Sharma,M,48,EMERGENCY_MEDICINE,RESUSCITATION_EXPERT,"MBBS, MD",Fellowship in Trauma Care,4,JUNIOR_RESIDENT,True,True,ROTATING,True,True,"['Bengali', 'English', 'Hindi']",4,24,6.0,4.1,0.47,0.5,app://doctor/DOC_0137
DOC_0138,HOSP_006,Ishaan Sen,M,35,EMERGENCY_MEDICINE,RESUSCITATION_EXPERT,"MBBS, MD",FNB Critical Care,24,SENIOR_CONSULTANT,True,True,NIGHT,False,False,"['Bengali', 'English', 'Hindi', 'Urdu']",1,12,2.78,4.29,0.93,0.44,app://doctor/DOC_0138
DOC_0139,HOSP_006,Diya Bhattacharya,F,35,EMERGENCY_MEDICINE,TOXICOLOGY,MBBS,FNB Critical Care,26,SENIOR_CONSULTANT,False,False,NIGHT,True,True,"['Bengali', 'English', 'Hindi', 'Tamil', 'Urdu']",3,16,9.17,3.55,0.69,0.47,app://doctor/DOC_0139
DOC_0140,HOSP_006,Ananya Sharma,OTHER,43,TRAUMA,ORTHO_TRAUMA,"MBBS, DNB",Fellowship in Interventional Cardiology,4,JUNIOR_RESIDENT,True,False,NIGHT,True,True,"['Bengali', 'English', 'Hindi']",4,16,6.78,4.59,0.49,0.45,app://doctor/DOC_0140
DOC_0141,HOSP_006,Aditya Sen,M,52,TRAUMA,ORTHO_TRAUMA,"MBBS, DNB",Fellowship in Neuro Critical Care,33,SENIOR_CONSULTANT,True,True,NIGHT,True,True,"['Bengali', 'English', 'Hindi']",1,20,6.37,3.06,0.82,0.48,app://doctor/DOC_0141
DOC_0142,HOSP_006,Arjun Sharma,F,61,GENERAL_SURGERY,LAPAROSCOPIC_SURGERY,"MBBS, MD",,16,SENIOR_CONSULTANT,True,True,ROTATING,False,False,"['Bengali', 'English', 'Hindi', 'Tamil', 'Urdu']",4,21,9.42,4.98,0.91,0.4,app://doctor/DOC_0142
DOC_0143,HOSP_006,Sara Chatterjee,F,50,TRAUMA,POLYTRAUMA,"MBBS, MS",Fellowship in Neuro Critical Care,13,SENIOR_CONSULTANT,False,False,DAY,False,True,"['Bengali', 'English', 'Hindi']",4,11,1.81,3.47,0.74,0.37,app://doctor/DOC_0143
DOC_0144,HOSP_006,Simran Patel,M,49,TRAUMA,POLYTRAUMA,"MBBS, MD",Fellowship in Trauma Care,21,SENIOR_CONSULTANT,True,False,DAY,True,True,"['Bengali', 'English', 'Hindi', 'Odia', 'Urdu']",3,12,4.36,4.88,0.96,0.37,app://doctor/DOC_0144
DOC_0145,HOSP_006,Ishaan Iyer,F,48,EMERGENCY_MEDICINE,RESUSCITATION_EXPERT,"MBBS, DNB",Fellowship in Pediatric ICU,21,SENIOR_CONSULTANT,True,True,ROTATING,False,False,"['Bengali', 'English', 'Hindi', 'Marathi', 'Urdu']",2,22,3.76,4.38,0.93,0.27,app://doctor/DOC_0145
DOC_0146,HOSP_006,Aarav Banerjee,OTHER,53,TRAUMA,POLYTRAUMA,"MBBS, MD",Fellowship in Neuro Critical Care,15,SENIOR_CONSULTANT,True,True,ROTATING,True,True,"['Bengali', 'English', 'Hindi', 'Urdu']",2,21,9.84,3.34,0.83,0.61,app://doctor/DOC_0146
DOC_0147,HOSP_006,Diya Roy,OTHER,49,GENERAL_SURGERY,LAPAROSCOPIC_SURGERY,"MBBS, MS",FNB Critical Care,5,JUNIOR_RESIDENT,True,True,ROTATING,False,True,"['Bengali', 'English', 'Hindi']",1,11,4.47,4.47,0.54,0.73,app://doctor/DOC_0147
DOC_0148,HOSP_006,Mira Patel,F,50,TRAUMA,ORTHO_TRAUMA,MBBS,Fellowship in Interventional Cardiology,15,SENIOR_CONSULTANT,True,False,ROTATING,True,True,"['Bengali', 'English', 'Hindi']",3,10,3.87,4.9,0.96,0.34,app://doctor/DOC_0148
DOC_0149,HOSP_006,Kabir Bhattacharya,F,38,TRAUMA,POLYTRAUMA,MBBS,Fellowship in Trauma Care,31,SENIOR_CONSULTANT,True,False,ROTATING,True,False,"['Bengali', 'English', 'Hindi']",4,15,1.48,3.66,0.9,0.72,app://doctor/DOC_0149
DOC_0150,HOSP_006,Mira Banerjee,OTHER,62,GENERAL_SURGERY,ONCO_SURGERY,"MBBS, MS",FNB Critical Care,26,SENIOR_CONSULTANT,False,True,DAY,False,True,"['Bengali', 'English', 'Hindi']",3,10,4.85,3.59,0.74,0.54,app://doctor/DOC_0150
DOC_0151,HOSP_006,Rohan Patel,M,34,EMERGENCY_MEDICINE,RESUSCITATION_EXPERT,"MBBS, MD",Fellowship in Pediatric ICU,31,SENIOR_CONSULTANT,True,True,DAY,True,True,"['Bengali', 'English', 'Hindi', 'Tamil']",3,12,6.78,3.78,0.85,0.39,app://doctor/DOC_0151
DOC_0152,HOSP_006,Kunal Iyer,M,56,EMERGENCY_MEDICINE,TOXICOLOGY,"MBBS, DNB",Fellowship in Interventional Cardiology,18,SENIOR_CONSULTANT,True,True,DAY,True,False,"['Bengali', 'English', 'Hindi', 'Tamil', 'Urdu']",3,27,4.73,4.51,0.94,0.31,app://doctor/DOC_0152
DOC_0153,HOSP_007,Vivaan Roy,F,61,ORTHO,SPORTS_INJURY,"MBBS, DNB",Fellowship in Neuro Critical Care,20,SENIOR_CONSULTANT,True,True,NIGHT,False,True,"['Bengali', 'English', 'Hindi', 'Marathi', 'Urdu']",2,13,9.54,3.9,0.88,0.52,app://doctor/DOC_0153
DOC_0154,HOSP_007,Kabir Nair,M,36,CARDIAC,CARDIAC_ELECTROPHYSIOLOGY,MBBS,Fellowship in Pediatric ICU,10,CONSULTANT,True,True,DAY,False,True,"['Bengali', 'English', 'Hindi', 'Tamil', 'Urdu']",4,27,4.58,3.65,0.71,0.4,app://doctor/DOC_0154
DOC_0155,HOSP_007,Siddharth Bhattacharya,M,65,PEDIATRIC,PEDIATRIC_ICU,MBBS,Fellowship in Interventional Cardiology,7,CONSULTANT,True,True,DAY,False,False,"['Bengali', 'English', 'Hindi']",3,27,8.92,4.76,0.72,0.39,app://doctor/DOC_0155
DOC_0156,HOSP_007,Juhi Patel,OTHER,58,CARDIAC,INTERVENTIONAL_CARDIOLOGY,"MBBS, MS",Fellowship in Interventional Cardiology,26,SENIOR_CONSULTANT,True,True,ROTATING,False,True,"['Bengali', 'English', 'Hindi', 'Odia']",1,25,9.29,4.79,0.92,0.23,app://doctor/DOC_0156
DOC_0157,HOSP_007,Priya Das,F,59,TRAUMA,HEAD_INJURY_FOCUS,MBBS,FNB Critical Care,29,SENIOR_CONSULTANT,True,True,NIGHT,True,False,"['Bengali', 'English', 'Hindi', 'Urdu']",2,24,2.9,4.65,0.96,0.41,app://doctor/DOC_0157
DOC_0158,HOSP_007,Simran Roy,F,31,PEDIATRIC,NEONATOLOGY,MBBS,Fellowship in Trauma Care,26,SENIOR_CONSULTANT,True,False,ROTATING,False,False,"['Bengali', 'English', 'Hindi', 'Tamil', 'Urdu']",2,16,8.53,3.5,0.86,0.42,app://doctor/DOC_0158
DOC_0159,HOSP_007,Sneha Banerjee,M,45,NEURO,EPILEPTOLOGIST,"MBBS, DNB",Fellowship in Pediatric ICU,2,JUNIOR_RESIDENT,True,True,ROTATING,False,True,"['Bengali', 'English', 'Hindi', 'Tamil']",2,25,6.28,3.7,0.47,0.42,app://doctor/DOC_0159
DOC_0160,HOSP_007,Arjun Banerjee,OTHER,33,NEURO,STROKE_SPECIALIST,"MBBS, DNB",,14,SENIOR_CONSULTANT,True,True,ROTATING,False,False,"['Bengali', 'English', 'Hindi']",2,18,6.86,4.03,0.88,0.58,app://doctor/DOC_0160
DOC_0161,HOSP_007,Aarav Patel,M,39,PEDIATRIC,NEONATOLOGY,"MBBS, MD",Fellowship in Trauma Care,18,SENIOR_CONSULTANT,False,False,NIGHT,False,True,"['Bengali', 'English', 'Hindi', 'Tamil']",3,16,5.2,4.35,0.75,0.6,app://doctor/DOC_0161
DOC_0162,HOSP_007,Kunal Chatterjee,M,28,PEDIATRIC,GENERAL_PEDIATRICS,"MBBS, MS",Fellowship in Neuro Critical Care,19,SENIOR_CONSULTANT,True,False,ROTATING,False,False,"['Bengali', 'English', 'Hindi']",4,12,4.03,3.55,0.91,0.46,app://doctor/DOC_0162
DOC_0163,HOSP_007,Arjun Das,OTHER,47,NEPHROLOGY,DIALYSIS_SPECIALIST,"MBBS, MD",,21,SENIOR_CONSULTANT,True,False,NIGHT,False,False,"['Bengali', 'English', 'Hindi']",4,19,3.33,3.84,0.92,0.38,app://doctor/DOC_0163
DOC_0164,HOSP_007,Vivaan Chatterjee,OTHER,64,NEPHROLOGY,TRANSPLANT_NEPRHOLOGY,"MBBS, MD",Fellowship in Pediatric ICU,31,SENIOR_CONSULTANT,True,False,ROTATING,False,False,"['Bengali', 'English', 'Hindi', 'Odia']",2,19,1.88,3.26,0.89,0.34,app://doctor/DOC_0164
DOC_0165,HOSP_007,Aditya Sen,M,49,TRAUMA,POLYTRAUMA,"MBBS, MD",Fellowship in Trauma Care,20,SENIOR_CONSULTANT,False,True,ROTATING,True,True,"['Bengali', 'English', 'Hindi', 'Marathi']",4,13,5.23,4.73,0.77,0.6,app://doctor/DOC_0165
DOC_0166,HOSP_007,Rohan Mukherjee,F,40,PEDIATRIC,NEONATOLOGY,"MBBS, DNB",Fellowship in Neuro Critical Care,4,JUNIOR_RESIDENT,True,True,NIGHT,False,True,"['Bengali', 'English', 'Hindi']",3,23,9.88,4.79,0.52,0.74,app://doctor/DOC_0166
DOC_0167,HOSP_007,Ananya Iyer,OTHER,39,CARDIAC,CARDIAC_ELECTROPHYSIOLOGY,"MBBS, MS",Fellowship in Pediatric ICU,4,JUNIOR_RESIDENT,True,True,NIGHT,False,True,"['Bengali', 'English', 'Hindi', 'Odia']",2,28,7.88,3.98,0.48,0.56,app://doctor/DOC_0167
DOC_0168,HOSP_007,Diya Singh,OTHER,55,TRAUMA,ORTHO_TRAUMA,"MBBS, DNB",Fellowship in Interventional Cardiology,1,JUNIOR_RESIDENT,True,True,NIGHT,False,True,"['Bengali', 'English', 'Hindi', 'Marathi', 'Urdu']",3,26,2.72,4.35,0.55,0.59,app://doctor/DOC_0168
DOC_0169,HOSP_007,Sara Nair,OTHER,50,NEURO,STROKE_SPECIALIST,MBBS,Fellowship in Interventional Cardiology,20,SENIOR_CONSULTANT,True,False,ROTATING,False,True,"['Bengali', 'English', 'Hindi']",3,19,5.1,4.04,0.88,0.55,app://doctor/DOC_0169
DOC_0170,HOSP_007,Mira Bhattacharya,OTHER,36,NEURO,EPILEPTOLOGIST,"MBBS, MS",FNB Critical Care,2,JUNIOR_RESIDENT,True,True,NIGHT,False,True,"['Bengali', 'English', 'Hindi', 'Odia', 'Urdu']",1,28,5.54,3.25,0.44,0.55,app://doctor/DOC_0170
DOC_0171,HOSP_007,Vivaan Mehta,OTHER,44,PEDIATRIC,GENERAL_PEDIATRICS,MBBS,Fellowship in Neuro Critical Care,7,CONSULTANT,True,True,ROTATING,False,True,"['Bengali', 'English', 'Hindi', 'Odia', 'Urdu']",4,22,2.11,3.51,0.71,0.67,app://doctor/DOC_0171
DOC_0172,HOSP_007,Riya Banerjee,OTHER,28,NEURO,EPILEPTOLOGIST,MBBS,Fellowship in Pediatric ICU,9,CONSULTANT,False,False,NIGHT,False,True,"['Bengali', 'English', 'Hindi', 'Odia', 'Urdu']",1,13,5.48,4.22,0.54,0.55,app://doctor/DOC_0172
DOC_0173,HOSP_007,Simran Nair,F,54,NEURO,STROKE_SPECIALIST,MBBS,Fellowship in Neuro Critical Care,31,SENIOR_CONSULTANT,True,True,DAY,False,True,"['Bengali', 'English', 'Hindi']",1,12,9.16,4.67,0.91,0.39,app://doctor/DOC_0173
DOC_0174,HOSP_007,Ananya Mukherjee,OTHER,32,TRAUMA,HEAD_INJURY_FOCUS,MBBS,Fellowship in Trauma Care,30,SENIOR_CONSULTANT,True,False,DAY,True,True,"['Bengali', 'English', 'Hindi']",1,15,8.87,4.7,0.92,0.27,app://doctor/DOC_0174
DOC_0175,HOSP_007,Rahul Mehta,OTHER,35,CARDIAC,INTERVENTIONAL_CARDIOLOGY,MBBS,FNB Critical Care,11,CONSULTANT,True,False,ROTATING,False,True,"['Bengali', 'English', 'Hindi', 'Marathi']",1,21,8.33,3.37,0.75,0.44,app://doctor/DOC_0175
DOC_0176,HOSP_007,Siddharth Das,F,58,ORTHO,SPORTS_INJURY,"MBBS, MD",,4,JUNIOR_RESIDENT,True,True,ROTATING,False,True,"['Bengali', 'English', 'Hindi', 'Tamil']",4,15,6.5,4.56,0.51,0.69,app://doctor/DOC_0176
DOC_0177,HOSP_007,Ananya Patel,F,35,ORTHO,JOINT_REPLACEMENT,MBBS,,21,SENIOR_CONSULTANT,True,True,ROTATING,False,False,"['Bengali', 'English', 'Hindi', 'Marathi', 'Odia']",3,26,5.71,4.4,0.9,0.37,app://doctor/DOC_0177
DOC_0178,HOSP_007,Sara Patel,F,52,NEPHROLOGY,DIALYSIS_SPECIALIST,MBBS,Fellowship in Pediatric ICU,31,SENIOR_CONSULTANT,False,True,ROTATING,False,True,"['Bengali', 'English', 'Hindi']",4,20,3.17,4.94,0.83,0.37,app://doctor/DOC_0178
DOC_0179,HOSP_007,Sara Reddy,OTHER,52,ORTHO,SPINE_SURGEON,MBBS,Fellowship in Interventional Cardiology,29,SENIOR_CONSULTANT,True,True,ROTATING,False,True,"['Bengali', 'English', 'Hindi', 'Marathi']",1,25,7.71,3.04,0.83,0.41,app://doctor/DOC_0179
DOC_0180,HOSP_007,Vivaan Reddy,OTHER,28,CARDIAC,HEART_FAILURE,"MBBS, MS",Fellowship in Neuro Critical Care,30,SENIOR_CONSULTANT,True,False,DAY,False,True,"['Bengali', 'English', 'Hindi']",2,24,3.99,4.53,0.96,0.35,app://doctor/DOC_0180
DOC_0181,HOSP_007,Sneha Banerjee,F,35,CARDIAC,HEART_FAILURE,"MBBS, MD",,19,SENIOR_CONSULTANT,True,True,NIGHT,False,False,"['Bengali', 'English', 'Hindi']",1,15,5.43,4.64,0.91,0.42,app://doctor/DOC_0181
DOC_0182,HOSP_007,Mira Mukherjee,F,40,NEPHROLOGY,DIALYSIS_SPECIALIST,"MBBS, DNB",FNB Critical Care,22,SENIOR_CONSULTANT,True,True,DAY,False,True,"['Bengali', 'English', 'Hindi']",1,24,5.12,4.18,0.89,0.33,app://doctor/DOC_0182
DOC_0183,HOSP_008,Rohit Sharma,OTHER,31,TRAUMA,ORTHO_TRAUMA,"MBBS, DNB",Fellowship in Neuro Critical Care,12,CONSULTANT,True,True,ROTATING,True,True,"['Bengali', 'English', 'Hindi', 'Marathi', 'Tamil']",4,23,9.82,4.83,0.8,0.66,app://doctor/DOC_0183
DOC_0184,HOSP_008,Arjun Mehta,F,46,NEURO,STROKE_SPECIALIST,"MBBS, MD",Fellowship in Interventional Cardiology,33,SENIOR_CONSULTANT,True,False,ROTATING,False,False,"['Bengali', 'English', 'Hindi', 'Marathi', 'Tamil']",2,16,2.89,4.43,0.93,0.5,app://doctor/DOC_0184
DOC_0185,HOSP_008,Ananya Banerjee,OTHER,39,TRAUMA,HEAD_INJURY_FOCUS,"MBBS, MS",Fellowship in Pediatric ICU,31,SENIOR_CONSULTANT,False,True,NIGHT,False,False,"['Bengali', 'English', 'Hindi', 'Marathi', 'Odia']",1,26,1.96,3.76,0.75,0.2,app://doctor/DOC_0185
DOC_0186,HOSP_008,Vivaan Nair,F,38,NEPHROLOGY,TRANSPLANT_NEPRHOLOGY,"MBBS, MD",,14,SENIOR_CONSULTANT,True,False,NIGHT,False,True,"['Bengali', 'English', 'Hindi', 'Urdu']",2,30,6.05,3.48,0.83,0.46,app://doctor/DOC_0186
DOC_0187,HOSP_008,Priya Banerjee,OTHER,31,NEURO,EPILEPTOLOGIST,"MBBS, DNB",Fellowship in Pediatric ICU,4,JUNIOR_RESIDENT,True,True,ROTATING,False,False,"['Bengali', 'English', 'Hindi', 'Odia']",4,17,9.2,4.41,0.48,0.72,app://doctor/DOC_0187
DOC_0188,HOSP_008,Nikita Reddy,OTHER,40,GENERAL_SURGERY,ONCO_SURGERY,"MBBS, DNB",FNB Critical Care,12,CONSULTANT,True,False,DAY,False,False,"['Bengali', 'English', 'Hindi', 'Odia', 'Urdu']",1,23,3.51,3.53,0.78,0.23,app://doctor/DOC_0188
DOC_0189,HOSP_008,Arjun Sharma,F,57,GENERAL_SURGERY,LAPAROSCOPIC_SURGERY,"MBBS, MD",Fellowship in Trauma Care,20,SENIOR_CONSULTANT,False,False,DAY,False,False,"['Bengali', 'English', 'Hindi', 'Marathi', 'Urdu']",3,26,2.98,3.37,0.73,0.31,app://doctor/DOC_0189
DOC_0190,HOSP_008,Simran Singh,F,62,TRAUMA,ORTHO_TRAUMA,MBBS,Fellowship in Trauma Care,22,SENIOR_CONSULTANT,True,True,DAY,True,True,"['Bengali', 'English', 'Hindi']",4,27,8.41,4.96,0.91,0.23,app://doctor/DOC_0190
DOC_0191,HOSP_008,Sneha Patel,M,43,CARDIAC,HEART_FAILURE,"MBBS, MS",Fellowship in Interventional Cardiology,17,SENIOR_CONSULTANT,True,True,NIGHT,False,True,"['Bengali', 'English', 'Hindi', 'Marathi', 'Tamil']",4,25,1.39,4.8,0.95,0.29,app://doctor/DOC_0191
DOC_0192,HOSP_008,Simran Mukherjee,M,38,TRAUMA,HEAD_INJURY_FOCUS,MBBS,Fellowship in Pediatric ICU,14,SENIOR_CONSULTANT,False,True,DAY,True,True,"['Bengali', 'English', 'Hindi', 'Marathi', 'Tamil']",1,14,1.21,4.43,0.78,0.18,app://doctor/DOC_0192
DOC_0193,HOSP_008,Diya Sharma,M,44,TRAUMA,POLYTRAUMA,"MBBS, MD",Fellowship in Trauma Care,29,SENIOR_CONSULTANT,False,True,NIGHT,True,True,"['Bengali', 'English', 'Hindi']",4,13,5.81,4.28,0.72,0.53,app://doctor/DOC_0193
DOC_0194,HOSP_008,Nikita Sharma,OTHER,32,NEPHROLOGY,DIALYSIS_SPECIALIST,"MBBS, MS",Fellowship in Pediatric ICU,6,CONSULTANT,True,True,ROTATING,False,True,"['Bengali', 'English', 'Hindi', 'Tamil']",1,25,2.41,3.44,0.68,0.59,app://doctor/DOC_0194
DOC_0195,HOSP_008,Aditya Das,OTHER,37,NEPHROLOGY,TRANSPLANT_NEPRHOLOGY,MBBS,Fellowship in Neuro Critical Care,8,CONSULTANT,True,False,DAY,False,True,"['Bengali', 'English', 'Hindi', 'Marathi', 'Tamil']",1,19,2.89,4.48,0.73,0.47,app://doctor/DOC_0195
DOC_0196,HOSP_008,Riya Mehta,OTHER,60,GENERAL_SURGERY,LAPAROSCOPIC_SURGERY,"MBBS, MD",FNB Critical Care,13,SENIOR_CONSULTANT,True,False,NIGHT,False,True,"['Bengali', 'English', 'Hindi', 'Marathi', 'Urdu']",4,30,5.95,3.58,0.84,0.27,app://doctor/DOC_0196
DOC_0197,HOSP_008,Ishaan Nair,OTHER,65,NEURO,EPILEPTOLOGIST,"MBBS, MS",FNB Critical Care,16,SENIOR_CONSULTANT,True,False,ROTATING,False,True,"['Bengali', 'English', 'Hindi', 'Tamil', 'Urdu']",3,25,5.06,4.23,0.87,0.46,app://doctor/DOC_0197
DOC_0198,HOSP_008,Nikita Singh,OTHER,64,NEPHROLOGY,TRANSPLANT_NEPRHOLOGY,"MBBS, DNB",FNB Critical Care,16,SENIOR_CONSULTANT,True,True,NIGHT,False,False,"['Bengali', 'English', 'Hindi', 'Odia', 'Tamil']",3,14,7.12,3.66,0.84,0.44,app://doctor/DOC_0198
DOC_0199,HOSP_008,Siddharth Iyer,F,59,TRAUMA,POLYTRAUMA,"MBBS, MD",Fellowship in Pediatric ICU,18,SENIOR_CONSULTANT,True,False,DAY,False,True,"['Bengali', 'English', 'Hindi', 'Urdu']",1,10,8.65,4.26,0.87,0.46,app://doctor/DOC_0199
DOC_0200,HOSP_008,Nikita Mehta,OTHER,41,CARDIAC,HEART_FAILURE,"MBBS, MS",Fellowship in Neuro Critical Care,10,CONSULTANT,True,False,NIGHT,False,True,"['Bengali', 'English', 'Hindi']",3,14,5.18,4.02,0.66,0.46,app://doctor/DOC_0200
DOC_0201,HOSP_008,Simran Sharma,OTHER,43,TRAUMA,HEAD_INJURY_FOCUS,"MBBS, MD",Fellowship in Neuro Critical Care,11,CONSULTANT,True,True,NIGHT,False,False,"['Bengali', 'English', 'Hindi', 'Marathi', 'Odia']",4,21,1.36,4.52,0.83,0.34,app://doctor/DOC_0201
DOC_0202,HOSP_008,Arjun Iyer,M,30,GENERAL_SURGERY,ONCO_SURGERY,"MBBS, DNB",Fellowship in Interventional Cardiology,3,JUNIOR_RESIDENT,True,True,DAY,False,True,"['Bengali', 'English', 'Hindi', 'Marathi', 'Tamil']",3,28,5.9,3.35,0.43,0.63,app://doctor/DOC_0202
DOC_0203,HOSP_008,Sneha Chatterjee,OTHER,32,TRAUMA,ORTHO_TRAUMA,"MBBS, DNB",FNB Critical Care,23,SENIOR_CONSULTANT,True,False,NIGHT,True,True,"['Bengali', 'English', 'Hindi', 'Marathi', 'Urdu']",2,24,2.49,3.15,0.87,0.4,app://doctor/DOC_0203
DOC_0204,HOSP_008,Riya Singh,M,38,NEPHROLOGY,DIALYSIS_SPECIALIST,"MBBS, MD",Fellowship in Interventional Cardiology,8,CONSULTANT,False,True,ROTATING,False,False,"['Bengali', 'English', 'Hindi', 'Tamil']",2,28,2.45,4.67,0.59,0.33,app://doctor/DOC_0204
DOC_0205,HOSP_008,Vivaan Singh,OTHER,65,GENERAL_SURGERY,LAPAROSCOPIC_SURGERY,MBBS,Fellowship in Neuro Critical Care,11,CONSULTANT,True,True,DAY,False,True,"['Bengali', 'English', 'Hindi', 'Marathi', 'Tamil']",1,19,9.53,3.43,0.73,0.42,app://doctor/DOC_0205
DOC_0206,HOSP_008,Rohit Roy,F,38,GENERAL_SURGERY,ONCO_SURGERY,"MBBS, MD",Fellowship in Neuro Critical Care,33,SENIOR_CONSULTANT,True,True,ROTATING,False,True,"['Bengali', 'English', 'Hindi', 'Marathi', 'Odia']",1,17,4.4,3.26,0.87,0.25,app://doctor/DOC_0206
DOC_0207,HOSP_009,Simran Roy,OTHER,54,CARDIAC,HEART_FAILURE,MBBS,FNB Critical Care,3,JUNIOR_RESIDENT,True,True,ROTATING,False,True,"['Bengali', 'English', 'Hindi', 'Odia']",1,30,4.88,3.84,0.5,0.7,app://doctor/DOC_0207
DOC_0208,HOSP_009,Simran Mehta,M,58,NEURO,EPILEPTOLOGIST,MBBS,Fellowship in Interventional Cardiology,31,SENIOR_CONSULTANT,True,True,NIGHT,False,True,"['Bengali', 'English', 'Hindi', 'Tamil']",3,16,1.05,4.49,0.93,0.22,app://doctor/DOC_0208
DOC_0209,HOSP_009,Simran Mukherjee,OTHER,28,NEURO,SPINE_SURGERY,"MBBS, MD",Fellowship in Pediatric ICU,24,SENIOR_CONSULTANT,True,True,NIGHT,False,True,"['Bengali', 'English', 'Hindi', 'Marathi']",3,27,4.81,3.73,0.89,0.34,app://doctor/DOC_0209
DOC_0210,HOSP_009,Kunal Sen,M,54,PEDIATRIC,GENERAL_PEDIATRICS,"MBBS, DNB",FNB Critical Care,31,SENIOR_CONSULTANT,True,True,ROTATING,False,True,"['Bengali', 'English', 'Hindi', 'Marathi', 'Tamil']",4,14,8.69,4.32,0.87,0.64,app://doctor/DOC_0210
DOC_0211,HOSP_009,Siddharth Sen,OTHER,38,CARDIAC,INTERVENTIONAL_CARDIOLOGY,"MBBS, DNB",Fellowship in Trauma Care,4,JUNIOR_RESIDENT,True,False,ROTATING,False,True,"['Bengali', 'English', 'Hindi', 'Tamil', 'Urdu']",2,25,9.33,3.87,0.45,0.39,app://doctor/DOC_0211
DOC_0212,HOSP_009,Sara Iyer,M,30,PEDIATRIC,PEDIATRIC_ICU,"MBBS, DNB",Fellowship in Neuro Critical Care,19,SENIOR_CONSULTANT,True,False,ROTATING,False,True,"['Bengali', 'English', 'Hindi', 'Odia', 'Tamil']",1,16,8.66,4.86,0.9,0.44,app://doctor/DOC_0212
DOC_0213,HOSP_009,Riya Sharma,OTHER,60,PEDIATRIC,GENERAL_PEDIATRICS,"MBBS, MD",Fellowship in Neuro Critical Care,3,JUNIOR_RESIDENT,True,True,ROTATING,False,True,"['Bengali', 'English', 'Hindi', 'Tamil', 'Urdu']",1,18,8.02,3.71,0.44,0.53,app://doctor/DOC_0213
DOC_0214,HOSP_009,Nikita Nair,OTHER,28,PEDIATRIC,GENERAL_PEDIATRICS,MBBS,,23,SENIOR_CONSULTANT,True,False,NIGHT,False,True,"['Bengali', 'English', 'Hindi']",2,24,9.37,4.15,0.86,0.25,app://doctor/DOC_0214
DOC_0215,HOSP_009,Mira Reddy,M,63,CARDIAC,HEART_FAILURE,"MBBS, MS",Fellowship in Trauma Care,17,SENIOR_CONSULTANT,True,True,ROTATING,False,False,"['Bengali', 'English', 'Hindi', 'Tamil']",4,17,7.82,4.92,0.9,0.51,app://doctor/DOC_0215
DOC_0216,HOSP_009,Siddharth Bhattacharya,OTHER,29,NEURO,STROKE_SPECIALIST,"MBBS, MS",,15,SENIOR_CONSULTANT,True,True,ROTATING,False,True,"['Bengali', 'English', 'Hindi', 'Marathi']",1,18,3.23,3.19,0.87,0.51,app://doctor/DOC_0216
DOC_0217,HOSP_009,Rahul Mukherjee,OTHER,39,NEURO,EPILEPTOLOGIST,"MBBS, MS",FNB Critical Care,12,CONSULTANT,True,False,NIGHT,False,True,"['Bengali', 'English', 'Hindi', 'Odia', 'Urdu']",2,18,2.86,3.41,0.78,0.27,app://doctor/DOC_0217
DOC_0218,HOSP_009,Rohan Iyer,M,34,CARDIAC,INTERVENTIONAL_CARDIOLOGY,"MBBS, DNB",Fellowship in Neuro Critical Care,3,JUNIOR_RESIDENT,False,True,ROTATING,False,True,"['Bengali', 'English', 'Hindi', 'Marathi', 'Odia']",3,25,2.65,4.53,0.38,0.69,app://doctor/DOC_0218
DOC_0219,HOSP_009,Kunal Nair,OTHER,36,CARDIAC,HEART_FAILURE,"MBBS, DNB",Fellowship in Interventional Cardiology,33,SENIOR_CONSULTANT,True,False,DAY,False,True,"['Bengali', 'English', 'Hindi', 'Odia', 'Tamil']",1,26,5.14,4.38,0.87,0.14,app://doctor/DOC_0219
DOC_0220,HOSP_009,Riya Mehta,OTHER,34,NEURO,EPILEPTOLOGIST,"MBBS, MS",FNB Critical Care,16,SENIOR_CONSULTANT,True,False,NIGHT,False,True,"['Bengali', 'English', 'Hindi', 'Marathi', 'Odia']",2,25,4.82,3.84,0.9,0.43,app://doctor/DOC_0220
DOC_0221,HOSP_009,Sneha Roy,F,45,NEURO,STROKE_SPECIALIST,"MBBS, MD",Fellowship in Neuro Critical Care,7,CONSULTANT,True,False,DAY,False,True,"['Bengali', 'English', 'Hindi', 'Odia', 'Tamil']",2,14,8.2,4.48,0.68,0.39,app://doctor/DOC_0221
DOC_0222,HOSP_009,Aarav Singh,F,59,CARDIAC,HEART_FAILURE,"MBBS, MS",Fellowship in Interventional Cardiology,4,JUNIOR_RESIDENT,False,True,NIGHT,False,True,"['Bengali', 'English', 'Hindi', 'Odia', 'Urdu']",2,18,5.29,4.26,0.32,0.48,app://doctor/DOC_0222
DOC_0223,HOSP_009,Rahul Das,F,51,PEDIATRIC,GENERAL_PEDIATRICS,"MBBS, MS",Fellowship in Trauma Care,8,CONSULTANT,True,True,NIGHT,False,False,"['Bengali', 'English', 'Hindi', 'Marathi', 'Odia']",2,19,4.2,4.35,0.72,0.38,app://doctor/DOC_0223
DOC_0224,HOSP_009,Siddharth Bhattacharya,M,52,PEDIATRIC,PEDIATRIC_ICU,"MBBS, DNB",Fellowship in Pediatric ICU,22,SENIOR_CONSULTANT,False,True,DAY,False,False,"['Bengali', 'English', 'Hindi', 'Tamil', 'Urdu']",1,15,4.09,3.63,0.74,0.44,app://doctor/DOC_0224
DOC_0225,HOSP_009,Arjun Chatterjee,OTHER,53,NEURO,EPILEPTOLOGIST,"MBBS, MS",Fellowship in Pediatric ICU,29,SENIOR_CONSULTANT,False,False,ROTATING,False,True,"['Bengali', 'English', 'Hindi']",1,14,7.55,4.32,0.72,0.66,app://doctor/DOC_0225
DOC_0226,HOSP_010,Diya Nair,M,53,CARDIAC,INTERVENTIONAL_CARDIOLOGY,MBBS,Fellowship in Interventional Cardiology,2,JUNIOR_RESIDENT,False,False,DAY,False,False,"['Bengali', 'English', 'Hindi']",1,18,6.56,3.17,0.29,0.69,app://doctor/DOC_0226
DOC_0227,HOSP_010,Kunal Das,M,43,GENERAL_SURGERY,ONCO_SURGERY,"MBBS, MD",FNB Critical Care,2,JUNIOR_RESIDENT,True,False,DAY,False,False,"['Bengali', 'English', 'Hindi', 'Marathi']",4,24,9.77,4.08,0.49,0.46,app://doctor/DOC_0227
DOC_0228,HOSP_010,Siddharth Singh,OTHER,62,EMERGENCY_MEDICINE,TOXICOLOGY,"MBBS, DNB",Fellowship in Neuro Critical Care,35,SENIOR_CONSULTANT,True,False,ROTATING,True,True,"['Bengali', 'English', 'Hindi', 'Odia', 'Urdu']",4,19,4.29,3.52,0.91,0.45,app://doctor/DOC_0228
DOC_0229,HOSP_010,Aarav Reddy,M,50,GENERAL_SURGERY,ONCO_SURGERY,MBBS,Fellowship in Pediatric ICU,20,SENIOR_CONSULTANT,True,True,NIGHT,False,True,"['Bengali', 'English', 'Hindi', 'Odia']",1,27,4.36,3.82,0.92,0.35,app://doctor/DOC_0229
DOC_0230,HOSP_010,Kunal Nair,M,52,NEURO,STROKE_SPECIALIST,"MBBS, MS",,16,SENIOR_CONSULTANT,True,True,ROTATING,False,True,"['Bengali', 'English', 'Hindi', 'Marathi', 'Odia']",2,12,2.64,3.58,0.91,0.48,app://doctor/DOC_0230
DOC_0231,HOSP_010,Rohan Patel,F,59,EMERGENCY_MEDICINE,TOXICOLOGY,MBBS,FNB Critical Care,2,JUNIOR_RESIDENT,True,True,ROTATING,True,True,"['Bengali', 'English', 'Hindi', 'Odia']",4,10,3.1,3.3,0.5,0.65,app://doctor/DOC_0231
DOC_0232,HOSP_010,Rahul Mehta,F,59,GENERAL_SURGERY,ONCO_SURGERY,MBBS,Fellowship in Trauma Care,4,JUNIOR_RESIDENT,True,True,DAY,False,True,"['Bengali', 'English', 'Hindi']",4,15,2.73,4.68,0.57,0.66,app://doctor/DOC_0232
DOC_0233,HOSP_010,Aarav Mukherjee,OTHER,43,NEURO,EPILEPTOLOGIST,"MBBS, MD",Fellowship in Pediatric ICU,30,SENIOR_CONSULTANT,True,True,DAY,False,False,"['Bengali', 'English', 'Hindi', 'Odia', 'Tamil']",4,19,9.43,3.32,0.85,0.54,app://doctor/DOC_0233
DOC_0234,HOSP_010,Aditya Reddy,M,44,NEURO,SPINE_SURGERY,"MBBS, MS",FNB Critical Care,14,SENIOR_CONSULTANT,True,True,DAY,False,True,"['Bengali', 'English', 'Hindi', 'Odia', 'Tamil']",1,15,8.15,4.17,0.89,0.29,app://doctor/DOC_0234
DOC_0235,HOSP_010,Sara Sharma,M,65,NEURO,SPINE_SURGERY,"MBBS, MD",Fellowship in Trauma Care,11,CONSULTANT,False,True,DAY,False,True,"['Bengali', 'English', 'Hindi', 'Marathi', 'Tamil']",1,11,4.2,3.31,0.65,0.42,app://doctor/DOC_0235
DOC_0236,HOSP_010,Ishaan Singh,F,42,GENERAL_SURGERY,ONCO_SURGERY,"MBBS, DNB",Fellowship in Pediatric ICU,25,SENIOR_CONSULTANT,True,True,DAY,False,False,"['Bengali', 'English', 'Hindi']",3,11,5.37,3.88,0.88,0.35,app://doctor/DOC_0236
DOC_0237,HOSP_010,Rohit Nair,OTHER,39,PEDIATRIC,PEDIATRIC_ICU,"MBBS, MS",Fellowship in Pediatric ICU,11,CONSULTANT,True,True,NIGHT,False,False,"['Bengali', 'English', 'Hindi']",4,19,8.37,4.08,0.79,0.44,app://doctor/DOC_0237
DOC_0238,HOSP_010,Juhi Reddy,F,39,CARDIAC,HEART_FAILURE,"MBBS, MS",Fellowship in Neuro Critical Care,5,JUNIOR_RESIDENT,False,True,NIGHT,False,True,"['Bengali', 'English', 'Hindi', 'Marathi', 'Tamil']",2,29,3.55,3.82,0.37,0.42,app://doctor/DOC_0238
DOC_0239,HOSP_010,Ishaan Reddy,OTHER,32,CARDIAC,INTERVENTIONAL_CARDIOLOGY,"MBBS, MD",,32,SENIOR_CONSULTANT,True,True,DAY,False,True,"['Bengali', 'English', 'Hindi']",4,25,5.73,4.4,0.9,0.33,app://doctor/DOC_0239
DOC_0240,HOSP_010,Sneha Nair,OTHER,32,CARDIAC,INTERVENTIONAL_CARDIOLOGY,"MBBS, DNB",,4,JUNIOR_RESIDENT,True,True,ROTATING,False,False,"['Bengali', 'English', 'Hindi', 'Odia', 'Tamil']",1,29,3.39,3.08,0.49,0.38,app://doctor/DOC_0240
DOC_0241,HOSP_010,Priya Mukherjee,M,61,CARDIAC,INTERVENTIONAL_CARDIOLOGY,"MBBS, MD",Fellowship in Neuro Critical Care,13,SENIOR_CONSULTANT,True,True,DAY,False,False,"['Bengali', 'English', 'Hindi', 'Marathi', 'Odia']",4,13,7.9,4.15,0.89,0.5,app://doctor/DOC_0241
DOC_0242,HOSP_010,Mira Bhattacharya,M,38,EMERGENCY_MEDICINE,TOXICOLOGY,"MBBS, MS",Fellowship in Pediatric ICU,29,SENIOR_CONSULTANT,True,True,ROTATING,True,False,"['Bengali', 'English', 'Hindi', 'Marathi']",4,30,4.88,4.45,0.96,0.56,app://doctor/DOC_0242
DOC_0243,HOSP_010,Nikita Reddy,M,52,PEDIATRIC,GENERAL_PEDIATRICS,"MBBS, MS",Fellowship in Trauma Care,26,SENIOR_CONSULTANT,True,True,NIGHT,False,False,"['Bengali', 'English', 'Hindi']",3,29,1.15,3.27,0.9,0.59,app://doctor/DOC_0243
DOC_0244,HOSP_010,Aarav Das,M,41,GENERAL_SURGERY,LAPAROSCOPIC_SURGERY,"MBBS, MS",Fellowship in Neuro Critical Care,10,CONSULTANT,True,False,ROTATING,False,True,"['Bengali', 'English', 'Hindi', 'Marathi']",2,14,3.38,4.78,0.77,0.37,app://doctor/DOC_0244
DOC_0245,HOSP_010,Arjun Sen,F,33,PEDIATRIC,PEDIATRIC_ICU,"MBBS, MD",Fellowship in Pediatric ICU,21,SENIOR_CONSULTANT,False,True,ROTATING,False,True,"['Bengali', 'English', 'Hindi', 'Urdu']",3,11,7.58,4.15,0.74,0.41,app://doctor/DOC_0245
DOC_0246,HOSP_010,Vivaan Bhattacharya,F,50,NEURO,EPILEPTOLOGIST,MBBS,FNB Critical Care,1,JUNIOR_RESIDENT,False,False,ROTATING,False,True,"['Bengali', 'English', 'Hindi', 'Urdu']",3,27,6.08,3.65,0.32,0.78,app://doctor/DOC_0246
DOC_0247,HOSP_010,Ananya Sharma,OTHER,53,NEURO,SPINE_SURGERY,MBBS,FNB Critical Care,26,SENIOR_CONSULTANT,True,True,NIGHT,False,True,"['Bengali', 'English', 'Hindi', 'Urdu']",4,28,7.71,4.1,0.89,0.34,app://doctor/DOC_0247
DOC_0248,HOSP_010,Kunal Reddy,F,36,EMERGENCY_MEDICINE,TOXICOLOGY,"MBBS, MD",Fellowship in Interventional Cardiology,13,SENIOR_CONSULTANT,True,True,ROTATING,True,True,"['Bengali', 'English', 'Hindi', 'Tamil']",3,28,1.81,4.34,0.95,0.48,app://doctor/DOC_0248
DOC_0249,HOSP_010,Sneha Nair,F,50,PEDIATRIC,GENERAL_PEDIATRICS,MBBS,Fellowship in Trauma Care,29,SENIOR_CONSULTANT,True,True,NIGHT,False,True,"['Bengali', 'English', 'Hindi']",2,16,7.17,3.31,0.85,0.44,app://doctor/DOC_0249
DOC_0250,HOSP_010,Diya Mukherjee,OTHER,31,EMERGENCY_MEDICINE,RESUSCITATION_EXPERT,"MBBS, MS",,8,CONSULTANT,True,True,ROTATING,True,True,"['Bengali', 'English', 'Hindi']",3,16,7.66,3.42,0.65,0.62,app://doctor/DOC_0250
DOC_0251,HOSP_011,Arjun Reddy,F,37,EMERGENCY_MEDICINE,TOXICOLOGY,MBBS,Fellowship in Trauma Care,19,SENIOR_CONSULTANT,True,True,DAY,False,False,"['Bengali', 'English', 'Hindi', 'Urdu']",4,30,9.51,3.13,0.84,0.51,app://doctor/DOC_0251
DOC_0252,HOSP_011,Sneha Roy,M,29,NEPHROLOGY,TRANSPLANT_NEPRHOLOGY,"MBBS, MD",Fellowship in Interventional Cardiology,7,CONSULTANT,True,False,ROTATING,False,True,"['Bengali', 'English', 'Hindi', 'Tamil', 'Urdu']",2,26,9.7,4.12,0.69,0.58,app://doctor/DOC_0252
DOC_0253,HOSP_011,Vivaan Nair,OTHER,47,NEPHROLOGY,TRANSPLANT_NEPRHOLOGY,"MBBS, DNB",Fellowship in Pediatric ICU,23,SENIOR_CONSULTANT,True,True,DAY,False,True,"['Bengali', 'English', 'Hindi', 'Marathi', 'Urdu']",3,11,6.63,4.76,0.92,0.58,app://doctor/DOC_0253
DOC_0254,HOSP_011,Aarav Reddy,F,42,GENERAL_SURGERY,ONCO_SURGERY,"MBBS, DNB",Fellowship in Pediatric ICU,25,SENIOR_CONSULTANT,True,True,DAY,False,True,"['Bengali', 'English', 'Hindi']",2,23,9.73,4.82,0.93,0.25,app://doctor/DOC_0254
DOC_0255,HOSP_011,Aditya Singh,M,36,GENERAL_SURGERY,LAPAROSCOPIC_SURGERY,"MBBS, MS",Fellowship in Pediatric ICU,9,CONSULTANT,False,False,ROTATING,False,True,"['Bengali', 'English', 'Hindi', 'Odia', 'Tamil']",1,27,5.8,4.44,0.56,0.41,app://doctor/DOC_0255
DOC_0256,HOSP_011,Ananya Banerjee,M,48,PULMONOLOGY,SLEEP_MEDICINE,"MBBS, MS",Fellowship in Interventional Cardiology,18,SENIOR_CONSULTANT,True,False,ROTATING,False,True,"['Bengali', 'English', 'Hindi']",2,15,1.24,4.97,0.98,0.45,app://doctor/DOC_0256
DOC_0257,HOSP_011,Rohan Chatterjee,OTHER,42,GENERAL_SURGERY,LAPAROSCOPIC_SURGERY,MBBS,Fellowship in Trauma Care,31,SENIOR_CONSULTANT,True,True,ROTATING,False,False,"['Bengali', 'English', 'Hindi', 'Marathi', 'Tamil']",3,15,8.67,3.98,0.89,0.39,app://doctor/DOC_0257
DOC_0258,HOSP_011,Riya Nair,M,54,EMERGENCY_MEDICINE,TOXICOLOGY,"MBBS, DNB",FNB Critical Care,13,SENIOR_CONSULTANT,True,False,ROTATING,True,True,"['Bengali', 'English', 'Hindi', 'Tamil']",3,24,8.99,3.86,0.88,0.65,app://doctor/DOC_0258
DOC_0259,HOSP_011,Rohan Banerjee,F,48,PULMONOLOGY,INTERVENTIONAL_PULMONOLOGY,MBBS,Fellowship in Neuro Critical Care,30,SENIOR_CONSULTANT,True,True,NIGHT,False,True,"['Bengali', 'English', 'Hindi', 'Marathi', 'Tamil']",1,27,4.49,4.53,0.96,0.5,app://doctor/DOC_0259
DOC_0260,HOSP_011,Riya Das,F,53,NEPHROLOGY,TRANSPLANT_NEPRHOLOGY,"MBBS, DNB",FNB Critical Care,4,JUNIOR_RESIDENT,True,True,NIGHT,False,True,"['Bengali', 'English', 'Hindi', 'Tamil', 'Urdu']",1,15,8.01,4.88,0.53,0.52,app://doctor/DOC_0260
DOC_0261,HOSP_011,Ananya Mehta,F,48,PULMONOLOGY,CRITICAL_CARE,"MBBS, MD",Fellowship in Interventional Cardiology,13,SENIOR_CONSULTANT,False,False,ROTATING,False,True,"['Bengali', 'English', 'Hindi', 'Marathi']",2,13,1.82,4.41,0.81,0.51,app://doctor/DOC_0261
DOC_0262,HOSP_011,Diya Reddy,OTHER,52,GENERAL_SURGERY,ONCO_SURGERY,"MBBS, DNB",,10,CONSULTANT,True,True,NIGHT,False,True,"['Bengali', 'English', 'Hindi']",1,23,3.77,4.46,0.76,0.56,app://doctor/DOC_0262
DOC_0263,HOSP_011,Priya Ghosh,M,35,GENERAL_SURGERY,LAPAROSCOPIC_SURGERY,MBBS,Fellowship in Neuro Critical Care,30,SENIOR_CONSULTANT,False,True,DAY,False,True,"['Bengali', 'English', 'Hindi', 'Marathi', 'Urdu']",4,17,2.95,4.32,0.8,0.44,app://doctor/DOC_0263
DOC_0264,HOSP_011,Siddharth Mukherjee,OTHER,28,GENERAL_SURGERY,ONCO_SURGERY,"MBBS, MD",,4,JUNIOR_RESIDENT,True,True,DAY,False,True,"['Bengali', 'English', 'Hindi']",1,28,8.54,3.6,0.47,0.63,app://doctor/DOC_0264
DOC_0265,HOSP_011,Vivaan Mukherjee,F,39,GENERAL_SURGERY,ONCO_SURGERY,"MBBS, MD",Fellowship in Interventional Cardiology,24,SENIOR_CONSULTANT,True,False,ROTATING,False,True,"['Bengali', 'English', 'Hindi', 'Marathi']",3,22,8.38,4.52,0.91,0.66,app://doctor/DOC_0265
DOC_0266,HOSP_011,Diya Das,F,36,EMERGENCY_MEDICINE,TOXICOLOGY,"MBBS, MS",Fellowship in Neuro Critical Care,14,SENIOR_CONSULTANT,True,True,ROTATING,False,True,"['Bengali', 'English', 'Hindi']",1,25,7.52,4.21,0.9,0.55,app://doctor/DOC_0266
DOC_0267,HOSP_011,Priya Mehta,OTHER,48,NEPHROLOGY,TRANSPLANT_NEPRHOLOGY,"MBBS, MD",Fellowship in Neuro Critical Care,34,SENIOR_CONSULTANT,False,False,NIGHT,False,True,"['Bengali', 'English', 'Hindi']",2,19,9.81,3.0,0.69,0.2,app://doctor/DOC_0267
DOC_0268,HOSP_011,Juhi Sen,M,41,PULMONOLOGY,SLEEP_MEDICINE,MBBS,Fellowship in Trauma Care,14,SENIOR_CONSULTANT,True,True,ROTATING,False,False,"['Bengali', 'English', 'Hindi']",3,18,8.11,3.62,0.87,0.54,app://doctor/DOC_0268
DOC_0269,HOSP_011,Rahul Sen,M,35,NEPHROLOGY,TRANSPLANT_NEPRHOLOGY,"MBBS, DNB",Fellowship in Pediatric ICU,2,JUNIOR_RESIDENT,True,False,ROTATING,False,True,"['Bengali', 'English', 'Hindi', 'Marathi']",4,25,8.18,4.29,0.5,0.64,app://doctor/DOC_0269
DOC_0270,HOSP_011,Juhi Patel,OTHER,49,PULMONOLOGY,SLEEP_MEDICINE,MBBS,Fellowship in Neuro Critical Care,21,SENIOR_CONSULTANT,True,True,ROTATING,False,True,"['Bengali', 'English', 'Hindi', 'Marathi', 'Odia']",1,14,3.52,3.06,0.89,0.63,app://doctor/DOC_0270
DOC_0271,HOSP_011,Juhi Reddy,M,64,PULMONOLOGY,CRITICAL_CARE,MBBS,Fellowship in Trauma Care,3,JUNIOR_RESIDENT,True,False,NIGHT,False,True,"['Bengali', 'English', 'Hindi']",4,17,4.34,4.66,0.57,0.45,app://doctor/DOC_0271
DOC_0272,HOSP_011,Simran Das,M,35,NEPHROLOGY,DIALYSIS_SPECIALIST,"MBBS, MD",,2,JUNIOR_RESIDENT,False,True,ROTATING,False,False,"['Bengali', 'English', 'Hindi']",2,20,9.31,4.46,0.36,0.6,app://doctor/DOC_0272
DOC_0273,HOSP_011,Rahul Singh,M,61,GENERAL_SURGERY,LAPAROSCOPIC_SURGERY,MBBS,Fellowship in Interventional Cardiology,34,SENIOR_CONSULTANT,True,True,ROTATING,False,True,"['Bengali', 'English', 'Hindi', 'Urdu']",1,20,5.2,3.09,0.84,0.46,app://doctor/DOC_0273
DOC_0274,HOSP_011,Priya Sharma,OTHER,47,GENERAL_SURGERY,ONCO_SURGERY,"MBBS, MD",FNB Critical Care,35,SENIOR_CONSULTANT,True,True,NIGHT,False,True,"['Bengali', 'English', 'Hindi', 'Odia', 'Urdu']",2,15,3.46,3.03,0.89,0.38,app://doctor/DOC_0274
DOC_0275,HOSP_012,Simran Mukherjee,M,62,ORTHO,SPORTS_INJURY,"MBBS, MS",Fellowship in Trauma Care,19,SENIOR_CONSULTANT,True,True,ROTATING,False,True,"['Bengali', 'English', 'Hindi']",3,29,9.03,4.08,0.86,0.36,app://doctor/DOC_0275
DOC_0276,HOSP_012,Aarav Patel,OTHER,31,EMERGENCY_MEDICINE,TOXICOLOGY,MBBS,,12,CONSULTANT,False,True,NIGHT,False,True,"['Bengali', 'English', 'Hindi', 'Marathi']",2,27,1.71,4.85,0.69,0.5,app://doctor/DOC_0276
DOC_0277,HOSP_012,Nikita Singh,M,57,EMERGENCY_MEDICINE,TOXICOLOGY,"MBBS, MS",Fellowship in Pediatric ICU,30,SENIOR_CONSULTANT,False,False,ROTATING,True,True,"['Bengali', 'English', 'Hindi']",3,21,4.53,4.4,0.77,0.64,app://doctor/DOC_0277
DOC_0278,HOSP_012,Rahul Patel,F,29,EMERGENCY_MEDICINE,TOXICOLOGY,MBBS,Fellowship in Trauma Care,11,CONSULTANT,True,True,NIGHT,True,False,"['Bengali', 'English', 'Hindi', 'Marathi', 'Odia']",1,22,8.36,4.59,0.78,0.3,app://doctor/DOC_0278
DOC_0279,HOSP_012,Juhi Mukherjee,F,62,PULMONOLOGY,SLEEP_MEDICINE,"MBBS, DNB",FNB Critical Care,11,CONSULTANT,False,False,DAY,False,True,"['Bengali', 'English', 'Hindi']",3,16,8.33,4.18,0.61,0.63,app://doctor/DOC_0279
DOC_0280,HOSP_012,Mira Chatterjee,F,62,NEURO,STROKE_SPECIALIST,MBBS,Fellowship in Pediatric ICU,32,SENIOR_CONSULTANT,True,False,ROTATING,False,False,"['Bengali', 'English', 'Hindi', 'Odia', 'Tamil']",1,24,2.59,4.91,0.95,0.24,app://doctor/DOC_0280
DOC_0281,HOSP_012,Ishaan Ghosh,OTHER,52,ORTHO,JOINT_REPLACEMENT,MBBS,,1,JUNIOR_RESIDENT,True,True,DAY,False,False,"['Bengali', 'English', 'Hindi']",4,27,3.62,4.23,0.51,0.53,app://doctor/DOC_0281
DOC_0282,HOSP_012,Riya Ghosh,F,47,ORTHO,JOINT_REPLACEMENT,"MBBS, MS",,33,SENIOR_CONSULTANT,False,False,DAY,False,True,"['Bengali', 'English', 'Hindi', 'Urdu']",3,27,9.71,3.0,0.65,0.53,app://doctor/DOC_0282
DOC_0283,HOSP_012,Sneha Mukherjee,F,29,NEURO,EPILEPTOLOGIST,"MBBS, DNB",Fellowship in Pediatric ICU,25,SENIOR_CONSULTANT,False,True,ROTATING,False,True,"['Bengali', 'English', 'Hindi', 'Odia']",2,25,2.25,4.11,0.76,0.61,app://doctor/DOC_0283
DOC_0284,HOSP_012,Sneha Roy,F,37,ORTHO,SPORTS_INJURY,"MBBS, MD",FNB Critical Care,2,JUNIOR_RESIDENT,True,True,DAY,False,False,"['Bengali', 'English', 'Hindi', 'Tamil']",2,12,2.23,4.61,0.53,0.59,app://doctor/DOC_0284
DOC_0285,HOSP_012,Rohan Bhattacharya,F,39,PULMONOLOGY,INTERVENTIONAL_PULMONOLOGY,"MBBS, DNB",Fellowship in Neuro Critical Care,23,SENIOR_CONSULTANT,True,True,NIGHT,False,True,"['Bengali', 'English', 'Hindi', 'Urdu']",4,17,7.41,3.54,0.83,0.62,app://doctor/DOC_0285
DOC_0286,HOSP_012,Nikita Iyer,M,30,PULMONOLOGY,INTERVENTIONAL_PULMONOLOGY,"MBBS, MS",,6,CONSULTANT,True,False,NIGHT,False,False,"['Bengali', 'English', 'Hindi', 'Marathi', 'Odia']",1,26,9.01,3.18,0.61,0.41,app://doctor/DOC_0286
DOC_0287,HOSP_012,Diya Ghosh,OTHER,62,ORTHO,SPORTS_INJURY,MBBS,Fellowship in Trauma Care,31,SENIOR_CONSULTANT,False,False,DAY,False,False,"['Bengali', 'English', 'Hindi', 'Marathi']",4,21,9.65,4.6,0.73,0.4,app://doctor/DOC_0287
DOC_0288,HOSP_012,Vivaan Banerjee,OTHER,47,ORTHO,SPINE_SURGEON,"MBBS, DNB",Fellowship in Neuro Critical Care,4,JUNIOR_RESIDENT,True,True,ROTATING,False,False,"['Bengali', 'English', 'Hindi', 'Odia', 'Urdu']",4,12,2.14,3.15,0.46,0.78,app://doctor/DOC_0288
DOC_0289,HOSP_012,Arjun Singh,OTHER,45,ORTHO,JOINT_REPLACEMENT,MBBS,Fellowship in Pediatric ICU,12,CONSULTANT,True,True,ROTATING,False,False,"['Bengali', 'English', 'Hindi', 'Marathi']",2,18,8.04,3.47,0.73,0.35,app://doctor/DOC_0289
DOC_0290,HOSP_012,Simran Roy,M,49,EMERGENCY_MEDICINE,RESUSCITATION_EXPERT,"MBBS, MD",Fellowship in Interventional Cardiology,16,SENIOR_CONSULTANT,False,True,NIGHT,False,False,"['Bengali', 'English', 'Hindi']",2,28,7.61,3.69,0.69,0.45,app://doctor/DOC_0290
DOC_0291,HOSP_012,Ishaan Sharma,M,57,PULMONOLOGY,SLEEP_MEDICINE,"MBBS, MS",Fellowship in Interventional Cardiology,15,SENIOR_CONSULTANT,False,False,ROTATING,False,False,"['Bengali', 'English', 'Hindi', 'Odia', 'Tamil']",3,14,5.77,3.87,0.7,0.51,app://doctor/DOC_0291
DOC_0292,HOSP_012,Siddharth Mehta,OTHER,48,EMERGENCY_MEDICINE,RESUSCITATION_EXPERT,"MBBS, MS",Fellowship in Interventional Cardiology,18,SENIOR_CONSULTANT,True,False,ROTATING,True,True,"['Bengali', 'English', 'Hindi']",3,30,6.26,3.92,0.85,0.62,app://doctor/DOC_0292
DOC_0293,HOSP_013,Sara Banerjee,OTHER,65,PEDIATRIC,GENERAL_PEDIATRICS,"MBBS, MS",Fellowship in Pediatric ICU,21,SENIOR_CONSULTANT,True,False,DAY,False,False,"['Bengali', 'English', 'Hindi']",1,10,4.7,4.05,0.92,0.4,app://doctor/DOC_0293
DOC_0294,HOSP_013,Sneha Nair,OTHER,46,PULMONOLOGY,CRITICAL_CARE,MBBS,,4,JUNIOR_RESIDENT,True,False,DAY,False,False,"['Bengali', 'English', 'Hindi', 'Marathi', 'Urdu']",1,12,8.71,3.26,0.43,0.53,app://doctor/DOC_0294
DOC_0295,HOSP_013,Juhi Chatterjee,M,35,PEDIATRIC,PEDIATRIC_ICU,"MBBS, MS",Fellowship in Interventional Cardiology,30,SENIOR_CONSULTANT,True,False,DAY,False,True,"['Bengali', 'English', 'Hindi', 'Marathi', 'Odia']",2,12,3.5,3.12,0.87,0.29,app://doctor/DOC_0295
DOC_0296,HOSP_013,Vivaan Das,F,39,TRAUMA,POLYTRAUMA,"MBBS, DNB",FNB Critical Care,12,CONSULTANT,False,False,NIGHT,True,True,"['Bengali', 'English', 'Hindi', 'Tamil', 'Urdu']",1,24,7.44,3.21,0.58,0.26,app://doctor/DOC_0296
DOC_0297,HOSP_013,Nikita Banerjee,F,56,GENERAL_SURGERY,ONCO_SURGERY,"MBBS, MD",Fellowship in Pediatric ICU,3,JUNIOR_RESIDENT,False,False,DAY,False,True,"['Bengali', 'English', 'Hindi']",3,22,6.17,4.03,0.32,0.78,app://doctor/DOC_0297
DOC_0298,HOSP_013,Rohit Patel,F,53,GENERAL_SURGERY,LAPAROSCOPIC_SURGERY,MBBS,Fellowship in Interventional Cardiology,8,CONSULTANT,True,False,NIGHT,False,True,"['Bengali', 'English', 'Hindi', 'Marathi', 'Odia']",1,30,9.97,4.29,0.68,0.34,app://doctor/DOC_0298
DOC_0299,HOSP_013,Rahul Mukherjee,F,46,PEDIATRIC,NEONATOLOGY,MBBS,Fellowship in Interventional Cardiology,20,SENIOR_CONSULTANT,False,False,DAY,False,True,"['Bengali', 'English', 'Hindi', 'Marathi', 'Odia']",1,30,4.94,3.38,0.73,0.2,app://doctor/DOC_0299
DOC_0300,HOSP_013,Aarav Banerjee,OTHER,43,TRAUMA,ORTHO_TRAUMA,MBBS,Fellowship in Neuro Critical Care,32,SENIOR_CONSULTANT,False,False,NIGHT,True,True,"['Bengali', 'English', 'Hindi', 'Urdu']",3,11,4.65,3.42,0.74,0.54,app://doctor/DOC_0300
DOC_0301,HOSP_013,Simran Patel,OTHER,62,PEDIATRIC,GENERAL_PEDIATRICS,"MBBS, MD",,10,CONSULTANT,False,True,ROTATING,False,False,"['Bengali', 'English', 'Hindi']",4,29,1.41,4.4,0.59,0.48,app://doctor/DOC_0301
DOC_0302,HOSP_013,Kabir Ghosh,M,47,GENERAL_SURGERY,ONCO_SURGERY,"MBBS, MD",Fellowship in Neuro Critical Care,8,CONSULTANT,False,True,DAY,False,False,"['Bengali', 'English', 'Hindi', 'Odia', 'Urdu']",2,23,4.04,4.67,0.6,0.52,app://doctor/DOC_0302
DOC_0303,HOSP_013,Kunal Iyer,M,64,PEDIATRIC,PEDIATRIC_ICU,"MBBS, MD",,22,SENIOR_CONSULTANT,True,False,DAY,False,True,"['Bengali', 'English', 'Hindi', 'Odia']",4,15,7.27,4.11,0.87,0.41,app://doctor/DOC_0303
DOC_0304,HOSP_013,Nikita Sharma,M,34,TRAUMA,POLYTRAUMA,MBBS,Fellowship in Interventional Cardiology,1,JUNIOR_RESIDENT,True,True,DAY,True,False,"['Bengali', 'English', 'Hindi', 'Marathi', 'Odia']",4,14,2.86,4.28,0.53,0.55,app://doctor/DOC_0304
DOC_0305,HOSP_013,Mira Nair,M,30,PEDIATRIC,GENERAL_PEDIATRICS,"MBBS, DNB",Fellowship in Neuro Critical Care,20,SENIOR_CONSULTANT,True,True,ROTATING,False,True,"['Bengali', 'English', 'Hindi']",2,16,2.06,4.06,0.92,0.26,app://doctor/DOC_0305
DOC_0306,HOSP_013,Sneha Roy,OTHER,60,PEDIATRIC,PEDIATRIC_ICU,"MBBS, MD",Fellowship in Trauma Care,8,CONSULTANT,True,True,DAY,False,False,"['Bengali', 'English', 'Hindi', 'Tamil']",2,15,7.03,3.09,0.62,0.47,app://doctor/DOC_0306
DOC_0307,HOSP_013,Priya Nair,F,44,PULMONOLOGY,INTERVENTIONAL_PULMONOLOGY,"MBBS, DNB",,4,JUNIOR_RESIDENT,True,True,ROTATING,False,True,"['Bengali', 'English', 'Hindi']",4,26,2.04,4.79,0.56,0.72,app://doctor/DOC_0307
DOC_0308,HOSP_013,Nikita Chatterjee,F,54,PEDIATRIC,GENERAL_PEDIATRICS,"MBBS, MS",FNB Critical Care,15,SENIOR_CONSULTANT,True,True,NIGHT,False,True,"['Bengali', 'English', 'Hindi', 'Tamil', 'Urdu']",4,17,1.66,4.17,0.92,0.25,app://doctor/DOC_0308
DOC_0309,HOSP_013,Mira Singh,M,57,PEDIATRIC,PEDIATRIC_ICU,"MBBS, MS",FNB Critical Care,13,SENIOR_CONSULTANT,True,True,ROTATING,False,True,"['Bengali', 'English', 'Hindi']",3,14,1.29,4.14,0.92,0.44,app://doctor/DOC_0309
DOC_0310,HOSP_013,Ishaan Roy,F,57,TRAUMA,POLYTRAUMA,"MBBS, MS",FNB Critical Care,11,CONSULTANT,True,True,ROTATING,False,False,"['Bengali', 'English', 'Hindi']",1,23,8.71,3.98,0.76,0.67,app://doctor/DOC_0310
DOC_0311,HOSP_013,Nikita Patel,F,45,GENERAL_SURGERY,ONCO_SURGERY,"MBBS, MD",FNB Critical Care,15,SENIOR_CONSULTANT,True,True,NIGHT,False,False,"['Bengali', 'English', 'Hindi']",4,11,1.36,3.94,0.91,0.53,app://doctor/DOC_0311
DOC_0312,HOSP_013,Vivaan Mehta,OTHER,53,TRAUMA,HEAD_INJURY_FOCUS,MBBS,Fellowship in Interventional Cardiology,6,CONSULTANT,True,True,DAY,False,False,"['Bengali', 'English', 'Hindi', 'Odia']",2,21,3.66,4.3,0.73,0.22,app://doctor/DOC_0312
DOC_0313,HOSP_013,Rohit Ghosh,F,38,TRAUMA,HEAD_INJURY_FOCUS,MBBS,Fellowship in Interventional Cardiology,26,SENIOR_CONSULTANT,True,True,DAY,True,False,"['Bengali', 'English', 'Hindi', 'Urdu']",1,22,9.04,3.67,0.85,0.16,app://doctor/DOC_0313
DOC_0314,HOSP_013,Mira Sen,F,62,PEDIATRIC,GENERAL_PEDIATRICS,MBBS,Fellowship in Neuro Critical Care,4,JUNIOR_RESIDENT,True,True,ROTATING,False,True,"['Bengali', 'English', 'Hindi']",4,21,5.19,3.08,0.42,0.62,app://doctor/DOC_0314
DOC_0315,HOSP_013,Juhi Reddy,OTHER,32,PEDIATRIC,NEONATOLOGY,"MBBS, MS",FNB Critical Care,31,SENIOR_CONSULTANT,True,False,DAY,False,False,"['Bengali', 'English', 'Hindi']",3,21,9.08,4.01,0.87,0.41,app://doctor/DOC_0315
DOC_0316,HOSP_013,Vivaan Mukherjee,F,50,TRAUMA,ORTHO_TRAUMA,MBBS,Fellowship in Interventional Cardiology,35,SENIOR_CONSULTANT,True,False,ROTATING,True,False,"['Bengali', 'English', 'Hindi', 'Urdu']",2,24,1.79,3.78,0.9,0.3,app://doctor/DOC_0316
DOC_0317,HOSP_013,Diya Mukherjee,M,45,GENERAL_SURGERY,LAPAROSCOPIC_SURGERY,"MBBS, DNB",FNB Critical Care,2,JUNIOR_RESIDENT,True,True,ROTATING,False,True,"['Bengali', 'English', 'Hindi', 'Odia', 'Tamil']",3,23,4.99,4.29,0.53,0.56,app://doctor/DOC_0317
DOC_0318,HOSP_014,Diya Sharma,M,61,ORTHO,JOINT_REPLACEMENT,"MBBS, MS",Fellowship in Pediatric ICU,32,SENIOR_CONSULTANT,False,False,NIGHT,False,True,"['Bengali', 'English', 'Hindi', 'Odia']",3,15,8.1,3.45,0.71,0.44,app://doctor/DOC_0318
DOC_0319,HOSP_014,Priya Sen,M,37,ORTHO,JOINT_REPLACEMENT,"MBBS, DNB",FNB Critical Care,35,SENIOR_CONSULTANT,True,False,DAY,False,True,"['Bengali', 'English', 'Hindi']",2,15,3.14,3.08,0.89,0.26,app://doctor/DOC_0319
DOC_0320,HOSP_014,Ananya Patel,F,51,NEPHROLOGY,DIALYSIS_SPECIALIST,MBBS,Fellowship in Pediatric ICU,10,CONSULTANT,True,True,NIGHT,False,True,"['Bengali', 'English', 'Hindi', 'Marathi', 'Odia']",3,13,9.28,3.81,0.68,0.5,app://doctor/DOC_0320
DOC_0321,HOSP_014,Ananya Patel,F,37,EMERGENCY_MEDICINE,TOXICOLOGY,"MBBS, MS",Fellowship in Interventional Cardiology,10,CONSULTANT,False,True,ROTATING,True,False,"['Bengali', 'English', 'Hindi']",4,11,2.25,4.1,0.6,0.54,app://doctor/DOC_0321
DOC_0322,HOSP_014,Kunal Chatterjee,M,56,ORTHO,SPINE_SURGEON,"MBBS, MS",,13,SENIOR_CONSULTANT,True,False,ROTATING,False,True,"['Bengali', 'English', 'Hindi']",1,12,5.85,3.89,0.89,0.5,app://doctor/DOC_0322
DOC_0323,HOSP_014,Diya Reddy,F,40,PEDIATRIC,PEDIATRIC_ICU,MBBS,Fellowship in Pediatric ICU,10,CONSULTANT,False,True,NIGHT,False,True,"['Bengali', 'English', 'Hindi', 'Marathi']",1,19,4.1,3.62,0.57,0.41,app://doctor/DOC_0323
DOC_0324,HOSP_014,Aditya Mukherjee,M,56,PEDIATRIC,PEDIATRIC_ICU,"MBBS, MS",FNB Critical Care,27,SENIOR_CONSULTANT,True,False,NIGHT,False,False,"['Bengali', 'English', 'Hindi', 'Tamil', 'Urdu']",2,19,5.27,4.74,0.93,0.52,app://doctor/DOC_0324
DOC_0325,HOSP_014,Diya Bhattacharya,OTHER,52,EMERGENCY_MEDICINE,RESUSCITATION_EXPERT,"MBBS, DNB",Fellowship in Pediatric ICU,12,CONSULTANT,False,True,NIGHT,False,False,"['Bengali', 'English', 'Hindi']",2,15,8.49,3.58,0.62,0.41,app://doctor/DOC_0325
DOC_0326,HOSP_014,Priya Roy,OTHER,47,PEDIATRIC,GENERAL_PEDIATRICS,"MBBS, DNB",FNB Critical Care,10,CONSULTANT,True,True,DAY,False,True,"['Bengali', 'English', 'Hindi', 'Tamil', 'Urdu']",3,23,2.61,4.81,0.78,0.52,app://doctor/DOC_0326
DOC_0327,HOSP_014,Aarav Mukherjee,F,59,EMERGENCY_MEDICINE,TOXICOLOGY,"MBBS, DNB",Fellowship in Neuro Critical Care,31,SENIOR_CONSULTANT,True,True,NIGHT,True,False,"['Bengali', 'English', 'Hindi', 'Odia', 'Urdu']",2,28,1.53,3.64,0.92,0.48,app://doctor/DOC_0327
DOC_0328,HOSP_014,Ananya Iyer,M,31,ORTHO,JOINT_REPLACEMENT,"MBBS, DNB",Fellowship in Pediatric ICU,19,SENIOR_CONSULTANT,True,True,DAY,False,False,"['Bengali', 'English', 'Hindi', 'Marathi', 'Urdu']",2,30,2.65,3.19,0.9,0.43,app://doctor/DOC_0328
DOC_0329,HOSP_014,Aditya Iyer,F,47,ORTHO,SPORTS_INJURY,"MBBS, MS",,23,SENIOR_CONSULTANT,True,False,ROTATING,False,True,"['Bengali', 'English', 'Hindi']",3,21,8.01,3.82,0.88,0.7,app://doctor/DOC_0329
DOC_0330,HOSP_014,Kabir Mukherjee,M,37,PULMONOLOGY,CRITICAL_CARE,"MBBS, MD",Fellowship in Neuro Critical Care,34,SENIOR_CONSULTANT,True,False,ROTATING,False,True,"['Bengali', 'English', 'Hindi', 'Urdu']",1,14,9.31,3.96,0.89,0.36,app://doctor/DOC_0330
DOC_0331,HOSP_014,Sneha Singh,F,61,ORTHO,SPINE_SURGEON,"MBBS, MS",,15,SENIOR_CONSULTANT,True,False,DAY,False,False,"['Bengali', 'English', 'Hindi']",2,19,2.13,3.26,0.9,0.16,app://doctor/DOC_0331
DOC_0332,HOSP_014,Ishaan Mukherjee,M,58,PEDIATRIC,NEONATOLOGY,"MBBS, MD",,33,SENIOR_CONSULTANT,True,True,ROTATING,False,True,"['Bengali', 'English', 'Hindi']",3,11,1.6,4.34,0.96,0.61,app://doctor/DOC_0332
DOC_0333,HOSP_014,Ishaan Bhattacharya,OTHER,41,PULMONOLOGY,CRITICAL_CARE,"MBBS, MD",Fellowship in Pediatric ICU,6,CONSULTANT,True,True,DAY,False,False,"['Bengali', 'English', 'Hindi', 'Marathi']",3,15,8.7,4.56,0.72,0.53,app://doctor/DOC_0333
DOC_0334,HOSP_014,Simran Chatterjee,M,34,PULMONOLOGY,CRITICAL_CARE,"MBBS, MD",Fellowship in Pediatric ICU,11,CONSULTANT,True,True,NIGHT,False,False,"['Bengali', 'English', 'Hindi']",2,26,8.66,3.95,0.79,0.44,app://doctor/DOC_0334
DOC_0335,HOSP_014,Kabir Patel,OTHER,34,NEPHROLOGY,TRANSPLANT_NEPRHOLOGY,"MBBS, DNB",Fellowship in Interventional Cardiology,15,SENIOR_CONSULTANT,False,True,ROTATING,False,True,"['Bengali', 'English', 'Hindi', 'Urdu']",4,13,5.68,3.99,0.74,0.52,app://doctor/DOC_0335
DOC_0336,HOSP_014,Priya Reddy,OTHER,30,EMERGENCY_MEDICINE,TOXICOLOGY,"MBBS, DNB",,30,SENIOR_CONSULTANT,True,True,NIGHT,False,True,"['Bengali', 'English', 'Hindi']",4,19,9.86,3.86,0.88,0.58,app://doctor/DOC_0336
DOC_0337,HOSP_014,Rohit Ghosh,F,39,EMERGENCY_MEDICINE,TOXICOLOGY,MBBS,Fellowship in Interventional Cardiology,6,CONSULTANT,True,True,ROTATING,True,True,"['Bengali', 'English', 'Hindi', 'Urdu']",2,12,4.27,3.4,0.71,0.37,app://doctor/DOC_0337
DOC_0338,HOSP_014,Kunal Mukherjee,M,55,PEDIATRIC,PEDIATRIC_ICU,"MBBS, MS",Fellowship in Pediatric ICU,31,SENIOR_CONSULTANT,False,True,NIGHT,False,True,"['Bengali', 'English', 'Hindi', 'Marathi', 'Urdu']",4,13,2.1,3.98,0.79,0.36,app://doctor/DOC_0338
DOC_0339,HOSP_014,Ananya Sharma,M,31,EMERGENCY_MEDICINE,TOXICOLOGY,MBBS,FNB Critical Care,21,SENIOR_CONSULTANT,True,True,ROTATING,True,False,"['Bengali', 'English', 'Hindi', 'Tamil', 'Urdu']",4,24,2.82,4.32,0.96,0.51,app://doctor/DOC_0339
DOC_0340,HOSP_015,Arjun Reddy,F,62,TRAUMA,POLYTRAUMA,MBBS,Fellowship in Interventional Cardiology,29,SENIOR_CONSULTANT,True,True,NIGHT,True,True,"['Bengali', 'English', 'Hindi', 'Urdu']",1,15,6.01,4.72,0.9,0.25,app://doctor/DOC_0340
DOC_0341,HOSP_015,Kabir Patel,F,36,ORTHO,SPORTS_INJURY,"MBBS, DNB",Fellowship in Interventional Cardiology,32,SENIOR_CONSULTANT,False,True,ROTATING,False,True,"['Bengali', 'English', 'Hindi', 'Marathi', 'Odia']",1,22,3.37,4.18,0.77,0.42,app://doctor/DOC_0341
DOC_0342,HOSP_015,Sneha Sen,F,48,EMERGENCY_MEDICINE,RESUSCITATION_EXPERT,MBBS,FNB Critical Care,2,JUNIOR_RESIDENT,True,True,NIGHT,True,True,"['Bengali', 'English', 'Hindi', 'Marathi']",3,23,4.16,4.32,0.53,0.44,app://doctor/DOC_0342
DOC_0343,HOSP_015,Juhi Das,OTHER,33,EMERGENCY_MEDICINE,TOXICOLOGY,MBBS,Fellowship in Trauma Care,35,SENIOR_CONSULTANT,True,True,DAY,True,True,"['Bengali', 'English', 'Hindi', 'Marathi', 'Tamil']",4,18,1.18,3.94,0.91,0.24,app://doctor/DOC_0343
DOC_0344,HOSP_015,Rahul Mehta,OTHER,52,ORTHO,SPORTS_INJURY,MBBS,Fellowship in Interventional Cardiology,14,SENIOR_CONSULTANT,True,True,ROTATING,False,True,"['Bengali', 'English', 'Hindi', 'Marathi', 'Urdu']",3,21,9.72,3.4,0.83,0.61,app://doctor/DOC_0344
DOC_0345,HOSP_015,Diya Roy,OTHER,41,ORTHO,JOINT_REPLACEMENT,MBBS,Fellowship in Trauma Care,15,SENIOR_CONSULTANT,True,False,NIGHT,False,False,"['Bengali', 'English', 'Hindi', 'Marathi', 'Urdu']",3,18,1.61,4.6,0.94,0.41,app://doctor/DOC_0345
DOC_0346,HOSP_015,Riya Iyer,M,47,TRAUMA,ORTHO_TRAUMA,"MBBS, DNB",Fellowship in Pediatric ICU,13,SENIOR_CONSULTANT,False,False,NIGHT,True,True,"['Bengali', 'English', 'Hindi', 'Marathi', 'Tamil']",2,10,6.65,4.03,0.71,0.26,app://doctor/DOC_0346
DOC_0347,HOSP_015,Rohit Nair,OTHER,57,ORTHO,SPORTS_INJURY,"MBBS, DNB",Fellowship in Neuro Critical Care,4,JUNIOR_RESIDENT,True,False,ROTATING,False,True,"['Bengali', 'English', 'Hindi', 'Odia']",2,14,7.72,4.53,0.49,0.69,app://doctor/DOC_0347
DOC_0348,HOSP_015,Mira Iyer,M,41,PEDIATRIC,PEDIATRIC_ICU,"MBBS, MS",Fellowship in Pediatric ICU,16,SENIOR_CONSULTANT,False,True,NIGHT,False,True,"['Bengali', 'English', 'Hindi']",2,16,1.25,4.59,0.79,0.29,app://doctor/DOC_0348
DOC_0349,HOSP_015,Rohit Reddy,F,55,EMERGENCY_MEDICINE,RESUSCITATION_EXPERT,"MBBS, MD",Fellowship in Trauma Care,17,SENIOR_CONSULTANT,True,True,DAY,False,False,"['Bengali', 'English', 'Hindi']",1,25,8.04,3.11,0.82,0.51,app://doctor/DOC_0349
DOC_0350,HOSP_015,Rahul Chatterjee,F,32,PEDIATRIC,PEDIATRIC_ICU,MBBS,Fellowship in Interventional Cardiology,16,SENIOR_CONSULTANT,True,False,DAY,False,False,"['Bengali', 'English', 'Hindi', 'Marathi', 'Urdu']",3,25,8.96,3.48,0.84,0.3,app://doctor/DOC_0350
DOC_0351,HOSP_015,Rahul Iyer,OTHER,52,NEPHROLOGY,TRANSPLANT_NEPRHOLOGY,"MBBS, MD",FNB Critical Care,14,SENIOR_CONSULTANT,True,True,DAY,False,True,"['Bengali', 'English', 'Hindi', 'Marathi']",1,25,5.8,4.4,0.88,0.18,app://doctor/DOC_0351
DOC_0352,HOSP_015,Aditya Mehta,F,43,ORTHO,SPINE_SURGEON,"MBBS, MS",Fellowship in Interventional Cardiology,20,SENIOR_CONSULTANT,True,False,NIGHT,False,False,"['Bengali', 'English', 'Hindi', 'Marathi', 'Urdu']",1,17,3.28,3.77,0.9,0.39,app://doctor/DOC_0352
DOC_0353,HOSP_015,Sneha Bhattacharya,OTHER,35,TRAUMA,POLYTRAUMA,"MBBS, DNB",Fellowship in Interventional Cardiology,17,SENIOR_CONSULTANT,True,True,NIGHT,True,True,"['Bengali', 'English', 'Hindi', 'Odia']",2,24,6.68,4.76,0.9,0.44,app://doctor/DOC_0353
DOC_0354,HOSP_015,Mira Sen,M,45,EMERGENCY_MEDICINE,TOXICOLOGY,"MBBS, DNB",Fellowship in Pediatric ICU,28,SENIOR_CONSULTANT,True,True,NIGHT,True,False,"['Bengali', 'English', 'Hindi', 'Urdu']",3,23,6.42,4.63,0.89,0.53,app://doctor/DOC_0354
DOC_0355,HOSP_015,Siddharth Banerjee,M,31,NEPHROLOGY,TRANSPLANT_NEPRHOLOGY,"MBBS, MD",,20,SENIOR_CONSULTANT,True,True,DAY,False,False,"['Bengali', 'English', 'Hindi']",1,15,3.25,4.43,0.93,0.43,app://doctor/DOC_0355
DOC_0356,HOSP_015,Juhi Sen,M,54,ORTHO,JOINT_REPLACEMENT,"MBBS, DNB",Fellowship in Pediatric ICU,12,CONSULTANT,True,True,NIGHT,False,True,"['Bengali', 'English', 'Hindi']",1,23,4.31,3.79,0.8,0.31,app://doctor/DOC_0356
DOC_0357,HOSP_015,Nikita Nair,M,29,TRAUMA,HEAD_INJURY_FOCUS,"MBBS, MD",,17,SENIOR_CONSULTANT,True,True,DAY,True,True,"['Bengali', 'English', 'Hindi', 'Marathi', 'Tamil']",3,14,1.8,3.74,0.9,0.61,app://doctor/DOC_0357
DOC_0358,HOSP_015,Ishaan Sharma,OTHER,61,PEDIATRIC,PEDIATRIC_ICU,"MBBS, DNB",,14,SENIOR_CONSULTANT,True,True,ROTATING,False,True,"['Bengali', 'English', 'Hindi', 'Tamil']",4,14,4.88,3.41,0.88,0.42,app://doctor/DOC_0358
DOC_0359,HOSP_015,Priya Banerjee,OTHER,40,PEDIATRIC,NEONATOLOGY,"MBBS, DNB",FNB Critical Care,17,SENIOR_CONSULTANT,True,True,NIGHT,False,False,"['Bengali', 'English', 'Hindi', 'Odia']",3,28,7.16,3.92,0.86,0.25,app://doctor/DOC_0359
DOC_0360,HOSP_015,Ananya Roy,F,53,NEPHROLOGY,TRANSPLANT_NEPRHOLOGY,"MBBS, DNB",Fellowship in Pediatric ICU,5,JUNIOR_RESIDENT,True,False,NIGHT,False,False,"['Bengali', 'English', 'Hindi']",1,20,9.38,3.94,0.46,0.4,app://doctor/DOC_0360
DOC_0361,HOSP_015,Rohan Ghosh,OTHER,30,EMERGENCY_MEDICINE,TOXICOLOGY,"MBBS, DNB",Fellowship in Trauma Care,24,SENIOR_CONSULTANT,True,True,ROTATING,False,True,"['Bengali', 'English', 'Hindi', 'Odia', 'Tamil']",2,26,5.44,3.68,0.85,0.43,app://doctor/DOC_0361
DOC_0362,HOSP_015,Diya Iyer,OTHER,61,PEDIATRIC,NEONATOLOGY,"MBBS, MS",,9,CONSULTANT,False,True,DAY,False,True,"['Bengali', 'English', 'Hindi', 'Marathi', 'Odia']",3,18,6.52,4.52,0.54,0.44,app://doctor/DOC_0362
DOC_0363,HOSP_015,Rahul Mehta,M,48,PEDIATRIC,NEONATOLOGY,"MBBS, DNB",,4,JUNIOR_RESIDENT,True,True,DAY,False,True,"['Bengali', 'English', 'Hindi']",4,18,2.47,3.93,0.51,0.39,app://doctor/DOC_0363
DOC_0364,HOSP_015,Rohit Sharma,F,50,TRAUMA,ORTHO_TRAUMA,"MBBS, DNB",Fellowship in Interventional Cardiology,10,CONSULTANT,True,True,ROTATING,True,True,"['Bengali', 'English', 'Hindi']",3,15,8.51,4.5,0.69,0.72,app://doctor/DOC_0364
DOC_0365,HOSP_015,Nikita Bhattacharya,OTHER,65,NEPHROLOGY,DIALYSIS_SPECIALIST,"MBBS, MD",Fellowship in Interventional Cardiology,32,SENIOR_CONSULTANT,True,True,DAY,False,True,"['Bengali', 'English', 'Hindi']",3,13,4.55,4.18,0.92,0.6,app://doctor/DOC_0365
